Workbook

Sheet BABY Présence
C1: BABY SOCCER
C4: MAJ LISTE 11/03 : 12h15 | E4: 45910 | F4: =E4+7 -> 45917 | G4: =F4+7 -> 45924 | H4: =G4+7 -> 45931 | I4: =H4+7 -> 45938 | J4: =I4+7 -> 45945 | K4: =J4+7 -> 45952 | L4: =K4+7 -> 45959 | M4: =L4+7 -> 45966 | ... AT4: =AS4+7 -> 46197
C5: TOTAL INSCRIPTION EDF : | D5: =C62+'LUNDI 17H30 Présence'!C45+'MARDI 17H30 Présence'!C45+'MERCREDI 14h Présence'!C65+'MERCREDI 15h45 Présence '!C65+'VENDREDI 17h30 Présence'!C65+'SAMEDI 9h30 Présence'!C85+'SAMEDI 11h15 Présence'!C85+'SAMEDI 14h00 Présence'!C45+'SAMEDI 15h45 Présence'!C45 -> 321
A6: MERCREDI 14h30 | B6: MERCREDI 14h30 | E6: S1 | F6: S2 | G6: S3 | H6: S4 | I6: S5 | J6: S6 | K6: V | L6: V | M6: S7 | N6: S8 | O6: S9 | P6: S10 | Q6: S11 | R6: S12 | S6: S13 | T6: V | U6: V | V6: S14 | W6: S15 | X6: S16 | Y6: S17 | Z6: S18 | AA6: S19 | AB6: S20 | AC6: V | AD6: V | AE6: S21 | AF6: S22 | AG6: S23 | AH6: S24 | AI6: S25 | AJ6: S26 | AK6: V | AL6: V | AM6: S27 | AN6: S28 | AO6: F | AP6: S29 | AQ6: S30 | AR6: S31 | AS6: S32 | AT6: S33
B7: 1 | C7: AMARA Aylan | D7: U5 | E7: 1 | F7: 0 | G7: 1 | H7: 1 | I7: 1 | J7: 1 | M7: 1 | N7: 1 | O7: 1 | P7: 1 | Q7: 1 | R7: 1 | S7: 1 | V7: 0 | W7: 1 | X7: 0 | Y7: 0 | Z7: 1 | AA7: 1 | AB7: 1 | AD7: 1 | AE7: 1 | AF7: 1 | AG7: 0 | AU7: =SUM(E7:AT7) -> 19
B8: 2 | C8: MANGA Farell | D8: U5 | E8: 1 | F8: 1 | G8: 1 | H8: 1 | I8: 0 | J8: 1 | M8: 1 | N8: 1 | O8: 1 | P8: 1 | Q8: 1 | R8: 0 | S8: 1 | V8: 1 | W8: 1 | X8: 1 | Y8: 1 | Z8: 0 | AA8: 1 | AB8: 1 | AD8: 0 | AE8: 1 | AF8: 1 | AG8: 1 | AU8: =SUM(E8:AT8) -> 20
B9: 3 | C9: DIABY Ibrahima | D9: U5 | E9: 1 | F9: 1 | G9: 1 | H9: 1 | I9: 1 | J9: 1 | M9: 1 | N9: 1 | O9: 0 | P9: 1 | Q9: 1 | R9: 1 | S9: 0 | V9: 1 | W9: 0 | X9: 0 | Y9: 1 | Z9: 1 | AA9: 1 | AB9: 1 | AD9: 1 | AE9: 1 | AF9: 1 | AG9: 1 | AU9: =SUM(E9:AT9) -> 20
B10: 4 | C10: SONGABIMA NDOMBASI Braxton | D10: U5 | E10: 0 | F10: 1 | G10: 1 | H10: 1 | I10: 1 | J10: 1 | M10: 1 | N10: 1 | O10: 1 | P10: 1 | Q10: 1 | R10: 1 | S10: 1 | V10: 1 | W10: 1 | X10: 1 | Y10: 1 | Z10: 1 | AA10: 1 | AB10: 1 | AD10: 0 | AE10: 1 | AF10: 1 | AG10: 1 | AU10: =SUM(E10:AT10) -> 22
B11: 5 | C11: RAHMAOUI Ilyan | D11: U5 | E11: 1 | F11: 0 | G11: 1 | H11: 0 | I11: 0 | J11: 0 | M11: 1 | N11: 1 | O11: 1 | P11: 1 | Q11: 1 | R11: 0 | S11: 1 | V11: 1 | W11: 1 | X11: 1 | Y11: 1 | Z11: 1 | AA11: 1 | AB11: 1 | AD11: 0 | AE11: 1 | AF11: 1 | AG11: 1 | AU11: =SUM(E11:AT11) -> 18
B12: 6 | C12: BENNABI Issam | D12: U5 | E12: 0 | F12: 0 | G12: 0 | H12: 0 | I12: 0 | J12: 0 | M12: 0 | N12: 0 | O12: 0 | P12: 1 | Q12: 1 | R12: 1 | S12: 1 | V12: 1 | W12: 1 | X12: 1 | Y12: 1 | Z12: 1 | AA12: 1 | AB12: 0 | AE12: 0 | AF12: 0 | AG12: 1 | AU12: =SUM(E12:AT12) -> 11
B13: 7 | C13: ALTINSOY Kenan | D13: U5 | E13: 0 | F13: 0 | G13: 0 | H13: 0 | I13: 0 | J13: 0 | M13: 0 | N13: 1 | O13: 1 | P13: 0 | Q13: 0 | R13: 0 | S13: 0 | V13: 0 | W13: 0 | X13: 1 | Y13: 0 | Z13: 0 | AA13: 0 | AB13: 0 | AE13: 0 | AF13: 0 | AG13: 0 | AU13: =SUM(E13:AT13) -> 3
B14: 8 | C14: CALOIN Enzo | D14: U5 | E14: 0 | F14: 0 | G14: 0 | H14: 0 | I14: 0 | J14: 0 | M14: 0 | N14: 0 | O14: 0 | P14: 0 | Q14: 0 | R14: 0 | S14: 0 | V14: 0 | W14: 0 | X14: 0 | Y14: 1 | Z14: 1 | AA14: 1 | AB14: 1 | AE14: 1 | AF14: 1 | AG14: 1 | AU14: =SUM(E14:AT14) -> 7
B15: 9 | AU15: =SUM(E15:AT15) -> 0
B16: 10 | AU16: =SUM(E16:AT16) -> 0
B17: 8 | C17: TOTAL G1 | E17: =SUM(E7:E16) -> 4 | F17: =SUM(F7:F16) -> 3 | G17: =SUM(G7:G16) -> 5 | H17: =SUM(H7:H16) -> 4 | I17: =SUM(I7:I16) -> 3 | J17: =SUM(J7:J16) -> 4 | K17: =SUM(K7:K16) -> 0 | L17: =SUM(L7:L16) -> 0 | ... AT17: =SUM(AT7:AT16) -> 0
A19: MERCREDI 17h30 | B19: MERCREDI 17h30 | E19: S1 | F19: S2 | G19: S3 | H19: S4 | I19: S5 | J19: S6 | K19: V | L19: V | M19: S7 | N19: S8 | O19: S9 | P19: S10 | Q19: S11 | R19: S12 | S19: S13 | T19: V | U19: V | V19: S14 | W19: S15 | X19: S16 | Y19: S17 | Z19: S18 | AA19: S19 | AB19: S20 | AC19: V | AD19: V | AE19: S21 | AF19: S22 | AG19: S23 | AH19: S24 | AI19: S25 | AJ19: S26 | AK19: V | AL19: V | AM19: S27 | AN19: S28 | AO19: F | AP19: S29 | AQ19: S30 | AR19: S31 | AS19: S32 | AT19: S33
B20: 1 | C20: PILLAS Matéo | D20: U5 | E20: 1 | F20: 1 | G20: 1 | H20: 1 | I20: 1 | J20: 1 | M20: 1 | N20: 0 | O20: 1 | P20: 1 | Q20: 0 | R20: 1 | V20: 0 | W20: 1 | X20: 1 | Y20: 1 | Z20: 1 | AA20: 1 | AB20: 0 | AE20: 1 | AF20: 1 | AG20: 1 | AU20: =SUM(E20:AT20) -> 18
B21: 2 | C21: BARGACH Adam | D21: U5 | E21: 1 | F21: 1 | G21: 1 | H21: 1 | I21: 1 | J21: 1 | M21: 1 | N21: 1 | O21: 1 | P21: 1 | Q21: 1 | R21: 1 | V21: 1 | W21: 1 | X21: 1 | Y21: 1 | Z21: 1 | AA21: 1 | AB21: 1 | AE21: 1 | AF21: 1 | AG21: 1 | AU21: =SUM(E21:AT21) -> 22
B22: 3 | C22: ALMEIDA SOAVE Elikiah | D22: U5 | E22: 1 | F22: 1 | G22: 1 | H22: 1 | I22: 1 | J22: 1 | M22: 1 | N22: 1 | O22: 1 | P22: 1 | Q22: 1 | R22: 1 | V22: 1 | W22: 1 | X22: 1 | Y22: 0 | Z22: 1 | AA22: 1 | AB22: 1 | AE22: 1 | AF22: 1 | AG22: 1 | AU22: =SUM(E22:AT22) -> 21
B23: 4 | C23: MARTIN TROYES Nathan | D23: U5 | E23: 0 | F23: 1 | G23: 1 | H23: 1 | I23: 1 | J23: 1 | M23: 1 | N23: 1 | O23: 1 | P23: 1 | Q23: 0 | R23: 1 | V23: 1 | W23: 1 | X23: 1 | Y23: 0 | Z23: 1 | AA23: 1 | AB23: 1 | AE23: 1 | AF23: 0 | AG23: 1 | AU23: =SUM(E23:AT23) -> 18
B24: 5 | C24: SIMON Taïryk | D24: U5 | E24: 1 | F24: 1 | G24: 1 | H24: 1 | I24: 1 | J24: 1 | M24: 1 | N24: 0 | O24: 1 | P24: 1 | Q24: 1 | R24: 1 | V24: 1 | W24: 1 | X24: 1 | Y24: 1 | Z24: 0 | AA24: 1 | AB24: 1 | AE24: 1 | AF24: 1 | AG24: 1 | AU24: =SUM(E24:AT24) -> 20
B25: 6 | C25: JAMALEDDINE Nail | D25: U5 | E25: 1 | F25: 1 | G25: 0 | H25: 1 | I25: 1 | J25: 1 | M25: 1 | N25: 1 | O25: 0 | P25: 0 | Q25: 1 | R25: 0 | V25: 0 | W25: 1 | X25: 0 | Y25: 0 | Z25: 0 | AA25: 0 | AB25: 0 | AE25: 0 | AF25: 0 | AG25: 0 | AU25: =SUM(E25:AT25) -> 9
B26: 7 | C26: NGUEMA MEDANG Alpha | D26: U5 | E26: 1 | F26: 1 | G26: 0 | H26: 1 | I26: 1 | J26: 0 | M26: 1 | N26: 1 | O26: 1 | P26: 0 | Q26: 1 | R26: 1 | V26: 1 | W26: 0 | X26: 0 | Y26: 0 | Z26: 0 | AA26: 1 | AB26: 0 | AE26: 0 | AF26: 0 | AG26: 0 | AU26: =SUM(E26:AT26) -> 11
B27: 8 | C27: BENZITOUNI Noham | D27: U5 | E27: 0 | F27: 1 | G27: 1 | H27: 1 | I27: 1 | J27: 1 | M27: 0 | N27: 1 | O27: 1 | P27: 1 | Q27: 1 | R27: 1 | V27: 1 | W27: 1 | X27: 1 | Y27: 1 | Z27: 1 | AA27: 1 | AB27: 1 | AE27: 0 | AF27: 0 | AG27: 1 | AU27: =SUM(E27:AT27) -> 18
B28: 9 | AU28: =SUM(E28:AT28) -> 0
B29: 10 | AU29: =SUM(E29:AT29) -> 0
B30: 8 | C30: TOTAL G2 | E30: =SUM(E20:E29) -> 6 | F30: =SUM(F20:F29) -> 8 | G30: =SUM(G20:G29) -> 6 | H30: =SUM(H20:H29) -> 8 | I30: =SUM(I20:I29) -> 8 | J30: =SUM(J20:J29) -> 7 | K30: =SUM(K20:K29) -> 0 | L30: =SUM(L20:L29) -> 0 | ... AT30: =SUM(AT20:AT29) -> 0
E32: 45913 | F32: =E32+7 -> 45920 | G32: =F32+7 -> 45927 | H32: =G32+7 -> 45934 | I32: =H32+7 -> 45941 | J32: =I32+7 -> 45948 | K32: =J32+7 -> 45955 | L32: =K32+7 -> 45962 | M32: =L32+7 -> 45969 | ... AT32: =AS32+7 -> 46200
A34: SAMEDI 10h | B34: SAMEDI 10h | E34: S1 | F34: S2 | G34: S3 | H34: S4 | I34: S5 | J34: S6 | K34: V | L34: V | M34: S7 | N34: S8 | O34: S9 | P34: S10 | Q34: S11 | R34: S12 | S34: S13 | T34: V | U34: V | V34: S14 | W34: S15 | X34: S16 | Y34: S17 | Z34: S18 | AA34: S19 | AB34: S20 | AC34: V | AD34: V | AE34: S21 | AF34: S22 | AG34: S23 | AH34: S24 | AI34: S25 | AJ34: S26 | AK34: V | AL34: V | AM34: S27 | AN34: S28 | AO34: F | AP34: S29 | AQ34: S30 | AR34: S31 | AS34: S32 | AT34: S33 | AU34: =SUM(E34:AT34) -> 0
B35: 1 | C35: MARTIN Noah | D35: U5 | E35: 1 | F35: 1 | G35: 0 | H35: 1 | I35: 1 | J35: 1 | M35: 1 | N35: 1 | O35: 1 | P35: 1 | Q35: 1 | R35: Annulé | S35: 1 | V35: 1 | W35: 1 | X35: 1 | Y35: Annulé | Z35: 1 | AA35: 0 | AB35: 1 | AE35: 1 | AF35: 1 | AG35: 1 | AU35: =SUM(E35:AT35) -> 19
B36: 2 | C36: MICHOT DA CONCEICAO Keyian | D36: U5 | E36: 1 | F36: 1 | G36: 0 | H36: 1 | I36: 1 | J36: 1 | M36: 0 | N36: 1 | O36: 1 | P36: 1 | Q36: 0 | R36: ADN | S36: 0 | V36: 0 | W36: 0 | X36: 0 | Y36: PB éduc | Z36: 1 | AA36: 1 | AB36: 1 | AE36: 1 | AF36: 1 | AG36: 1 | AU36: =SUM(E36:AT36) -> 14
B37: 3 | C37: FRAIKIN Gaspard | D37: U5 | E37: 1 | F37: 1 | G37: 1 | H37: 1 | I37: 1 | J37: 1 | M37: 0 | N37: 1 | O37: 1 | P37: 1 | Q37: 1 | S37: 0 | V37: 0 | W37: 1 | X37: 1 | Z37: 1 | AA37: 1 | AB37: 1 | AE37: 1 | AF37: 1 | AG37: 1 | AU37: =SUM(E37:AT37) -> 18
B38: 4 | C38: SIMON Taïryk | D38: U5 | E38: 1 | F38: 1 | G38: 1 | H38: 1 | I38: 1 | J38: 0 | M38: 0 | N38: 1 | O38: 1 | P38: 0 | Q38: 1 | S38: 0 | V38: 0 | W38: 1 | X38: 0 | Z38: 1 | AA38: 0 | AB38: 0 | AE38: 0 | AF38: 1 | AG38: 1 | AU38: =SUM(E38:AT38) -> 12
B39: 5 | C39: AHITOUR Youssef | D39: U5 | E39: 1 | F39: 1 | G39: 1 | H39: 1 | I39: 1 | J39: 1 | M39: 1 | N39: 1 | O39: 1 | P39: 1 | Q39: 1 | S39: 1 | V39: 1 | W39: 1 | X39: 1 | Z39: 1 | AA39: 1 | AB39: 1 | AE39: 1 | AF39: 1 | AG39: 1 | AU39: =SUM(E39:AT39) -> 21
B40: 6 | C40: VANGOUT Isaiah | D40: U5 | E40: 1 | F40: 1 | G40: 1 | H40: 1 | I40: 1 | J40: 1 | M40: 1 | N40: 1 | O40: 1 | P40: 1 | Q40: 1 | S40: 1 | V40: 1 | W40: 1 | X40: 1 | Z40: 1 | AA40: 1 | AB40: 1 | AE40: 1 | AF40: 1 | AG40: 1 | AU40: =SUM(E40:AT40) -> 21
B41: 7 | C41: FRANCOIS Noah | D41: U5 | E41: 1 | F41: 1 | G41: 1 | H41: 1 | I41: 1 | J41: 1 | M41: 1 | N41: 1 | O41: 1 | P41: 1 | Q41: 1 | S41: 1 | V41: 1 | W41: 1 | X41: 1 | Z41: 1 | AA41: 1 | AB41: 1 | AE41: 1 | AF41: 1 | AG41: 1 | AU41: =SUM(E41:AT41) -> 21
B42: 8 | C42: KINANKAZI Kimya | D42: U5 | E42: 1 | F42: 1 | G42: 0 | H42: 1 | I42: 1 | J42: 0 | M42: 1 | N42: 1 | O42: 1 | P42: 1 | Q42: 0 | S42: 0 | V42: 1 | W42: 1 | X42: 0 | Z42: 1 | AA42: 1 | AB42: 0 | AE42: 0 | AF42: 1 | AG42: 1 | AU42: =SUM(E42:AT42) -> 14
B43: 9 | AU43: =SUM(E43:AT43) -> 0
B44: 10
B45: 8 | C45: TOTAL G3 | E45: =SUM(E35:E44) -> 8 | F45: =SUM(F35:F44) -> 8 | G45: =SUM(G35:G44) -> 5 | H45: =SUM(H35:H44) -> 8 | I45: =SUM(I35:I44) -> 8 | J45: =SUM(J35:J44) -> 6 | K45: =SUM(K35:K44) -> 0 | L45: =SUM(L35:L44) -> 0 | ... AT45: =SUM(AT35:AT44) -> 0
A47: SAMEDI 11h15 | B47: SAMEDI 11h15 | E47: S1 | F47: S2 | G47: S3 | H47: S4 | I47: S5 | J47: S6 | K47: V | L47: V | M47: S7 | N47: S8 | O47: S9 | P47: S10 | Q47: S11 | R47: S12 | S47: S13 | T47: V | U47: V | V47: S14 | W47: S15 | X47: S16 | Y47: S17 | Z47: S18 | AA47: S19 | AB47: S20 | AC47: V | AD47: V | AE47: S21 | AF47: S22 | AG47: S23 | AH47: S24 | AI47: S25 | AJ47: S26 | AK47: V | AL47: V | AM47: S27 | AN47: S28 | AO47: F | AP47: S29 | AQ47: S30 | AR47: S31 | AS47: S32 | AT47: S33 | AU47: =SUM(E47:AT47) -> 0
B48: 1 | C48: KLAI Taha | D48: U5 | E48: 1 | F48: 1 | G48: 1 | H48: 0 | I48: 1 | J48: 1 | M48: 1 | N48: 1 | O48: 1 | P48: 1 | Q48: 0 | R48: Annulé | S48: 1 | V48: 1 | W48: 1 | X48: 1 | Y48: Annulé | Z48: 1 | AA48: 0 | AB48: 1 | AE48: 0 | AF48: 1 | AG48: 1 | AU48: =SUM(E48:AT48) -> 17
B49: 2 | C49: NETO Meho | D49: U5 | E49: 1 | F49: 1 | G49: 1 | H49: 1 | I49: 1 | J49: 1 | M49: 1 | N49: 1 | O49: 1 | P49: 1 | Q49: 1 | R49: ADN | S49: 1 | V49: 1 | W49: 1 | X49: 0 | Y49: PB éduc | Z49: 1 | AA49: 1 | AB49: 1 | AE49: 1 | AF49: 1 | AG49: 1 | AU49: =SUM(E49:AT49) -> 20
B50: 3 | C50: SOUISSI Hedi | D50: U5 | E50: 1 | F50: 1 | G50: 1 | H50: 1 | I50: 1 | J50: 1 | M50: 1 | N50: 1 | O50: 1 | P50: 1 | Q50: 1 | S50: 1 | V50: 0 | W50: 1 | X50: 1 | Z50: 1 | AA50: 0 | AB50: 1 | AE50: 1 | AF50: 1 | AG50: 1 | AU50: =SUM(E50:AT50) -> 19
B51: 4 | C51: HAOUEL Adam | D51: U5 | E51: 1 | F51: 1 | G51: 1 | H51: 1 | I51: 1 | J51: 1 | M51: 1 | N51: 1 | O51: 1 | P51: 0 | Q51: 0.5 | S51: 0 | V51: 1 | W51: 1 | X51: 1 | Z51: 1 | AA51: 1 | AB51: 1 | AE51: 1 | AF51: 1 | AG51: 1 | AU51: =SUM(E51:AT51) -> 18.5
B52: 5 | C52: BENDOUBA Haron | D52: U5 | E52: 1 | F52: 1 | G52: 1 | H52: 1 | I52: 1 | J52: 1 | M52: 0 | N52: 1 | O52: 1 | P52: 1 | Q52: 1 | S52: 1 | V52: 1 | W52: 1 | X52: 1 | Z52: 1 | AA52: 1 | AB52: 1 | AE52: 1 | AF52: 1 | AG52: 1 | AU52: =SUM(E52:AT52) -> 20
B53: 6 | C53: BEJAOUI Helia | D53: U5 | E53: 1 | F53: 1 | G53: 1 | H53: 1 | I53: 1 | J53: 1 | M53: 1 | N53: 1 | O53: 1 | P53: 1 | Q53: 1 | S53: 1 | V53: 1 | W53: 1 | X53: 0 | Z53: 1 | AA53: 1 | AB53: 1 | AE53: 1 | AF53: 1 | AG53: 1 | AU53: =SUM(E53:AT53) -> 20
B54: 7 | C54: MHENNI Emyr | D54: U5 | E54: 0 | F54: 1 | G54: 1 | H54: 1 | I54: 1 | J54: 1 | M54: 1 | N54: 1 | O54: 1 | P54: 0 | Q54: 1 | S54: 0 | V54: 1 | W54: 1 | X54: 1 | Z54: 1 | AA54: 1 | AB54: 1 | AE54: 1 | AF54: 1 | AG54: 1 | AU54: =SUM(E54:AT54) -> 18
B55: 8 | C55: SAHL Milo | D55: U5 | E55: 0 | F55: 1 | G55: 1 | H55: 0 | I55: 1 | J55: 1 | M55: 1 | N55: 1 | O55: 1 | P55: 1 | Q55: 1 | S55: 0 | V55: 1 | W55: 0 | X55: 0 | Z55: 1 | AA55: 1 | AB55: 0 | AE55: 1 | AF55: 1 | AG55: 1 | AU55: =SUM(E55:AT55) -> 15
B56: 9 | C56: MOHAMED Naïm | D56: U5 | E56: 0 | F56: 0 | G56: 0 | H56: 0 | I56: 0 | J56: 0 | M56: 0 | N56: 0 | O56: 0 | P56: 0 | Q56: 0 | S56: 1 | V56: 1 | W56: 1 | X56: 1 | Z56: 1 | AA56: 0 | AB56: 1 | AE56: 0 | AF56: 1 | AU56: =SUM(E56:AT56) -> 7
B57: 10 | C57: SLIMAN Saïan | D57: U5 | E57: 0 | F57: 0 | G57: 0 | H57: 0 | I57: 0 | J57: 0 | M57: 0 | N57: 0 | O57: 0 | P57: 0 | Q57: 0 | S57: 0 | V57: 0 | W57: 1 | X57: 1 | Z57: 1 | AA57: 1 | AB57: 0 | AE57: 1 | AF57: 1 | AG57: 1
C58: SABRI Ryad | D58: U5 | E58: 1 | F58: 1 | G58: 1 | H58: 0 | I58: 1 | J58: 1 | M58: 1 | N58: 1 | O58: ARRET
B59: 10 | C59: TOTAL G4 | E59: =SUM(E48:E58) -> 7 | F59: =SUM(F48:F58) -> 9 | G59: =SUM(G48:G58) -> 9 | H59: =SUM(H48:H58) -> 6 | I59: =SUM(I48:I58) -> 9 | J59: =SUM(J48:J58) -> 9 | K59: =SUM(K48:K58) -> 0 | L59: =SUM(L48:L58) -> 0 | ... AT59: =SUM(AT48:AT58) -> 0
C62: =SUM(B17+B30+B45+B59) -> 34

Sheet LUNDI 17H30 Présence
C1: LUNDI 17H30
E4: 45908 | F4: =E4+7 -> 45915 | G4: =F4+7 -> 45922 | H4: =G4+7 -> 45929 | I4: =H4+7 -> 45936 | J4: =I4+7 -> 45943 | K4: =J4+7 -> 45950 | L4: =K4+7 -> 45957 | M4: =L4+7 -> 45964 | ... AT4: =AS4+7 -> 46195
C5: ='BABY Présence'!C4 -> MAJ LISTE 11/03 : 12h15
A6: 1er groupe | C6: TOTAL INSCRIPTION EDF : | D6: ='BABY Présence'!D5 -> 321 | E6: S1 | F6: S2 | G6: S3 | H6: S4 | I6: S5 | J6: S6 | K6: V | L6: V | M6: S7 | N6: S8 | O6: S9 | P6: S10 | Q6: S11 | R6: S12 | S6: S13 | T6: V | U6: V | V6: S14 | W6: S15 | X6: S16 | Y6: S17 | Z6: S18 | AA6: S19 | AB6: S20 | AC6: V | AD6: V | AE6: S21 | AF6: S22 | AG6: S23 | AH6: S24 | AI6: S25 | AJ6: S26 | AK6: V | AL6: V | AM6: S27 | AN6: S28 | AO6: F | AP6: S29 | AQ6: S30 | AR6: S31 | AS6: S32 | AT6: S33
B7: 1 | C7: GRAY Louis | D7: U10 | E7: 1 | F7: 1 | G7: 1 | H7: 1 | I7: 1 | J7: 1 | M7: 1 | N7: 0 | O7: 1 | P7: 1 | Q7: 1 | R7: 1 | S7: 1 | V7: 1 | W7: 1 | X7: 1 | Y7: 1 | Z7: 1 | AA7: 1 | AB7: 1 | AE7: 1 | AF7: 1 | AG7: 1 | AU7: =SUM(I7:AT7) -> 18
B8: 2 | C8: LECEA Joseph | D8: U10 | E8: 0 | F8: 1 | G8: 0 | H8: 1 | I8: 1 | J8: 1 | M8: 1 | N8: 0 | O8: 1 | P8: 1 | Q8: 1 | R8: 0 | S8: 1 | V8: 1 | W8: 0 | X8: 1 | Y8: 1 | Z8: 0 | AA8: 1 | AB8: 1 | AE8: 1 | AF8: 1 | AG8: 1 | AU8: =SUM(I8:AT8) -> 15
B9: 3 | C9: SALAME Bassam | D9: U10 | E9: 0 | F9: 1 | G9: 0 | H9: 1 | I9: 1 | J9: 1 | M9: 1 | N9: 1 | O9: 1 | P9: 1 | Q9: 1 | R9: 1 | S9: 1 | V9: 0 | W9: 1 | X9: 1 | Y9: 1 | Z9: 1 | AA9: 1 | AB9: 1 | AE9: 0 | AF9: 0 | AG9: 0 | AU9: =SUM(I9:AT9) -> 15
B10: 4 | C10: GUILLETAT Seyf | D10: U10 | E10: 1 | F10: 1 | G10: 1 | H10: 1 | I10: 1 | J10: 1 | M10: 0 | N10: 0 | O10: 1 | P10: 1 | Q10: 1 | R10: 0 | S10: 1 | V10: 1 | W10: 1 | X10: 1 | Y10: 1 | Z10: 1 | AA10: 1 | AB10: 0 | AE10: 0 | AF10: 0 | AG10: 1 | AU10: =SUM(I10:AT10) -> 13
B11: 5 | C11: COINTE-FOURRIER Axel | D11: U10 | E11: 0 | F11: 1 | G11: 1 | H11: 1 | I11: 0 | J11: 1 | M11: 1 | N11: 1 | O11: 1 | P11: 1 | Q11: 1 | R11: 1 | S11: 0 | V11: 1 | W11: 1 | X11: 1 | Y11: 0 | Z11: 1 | AA11: 1 | AB11: 1 | AE11: 1 | AF11: 1 | AG11: 1 | AU11: =SUM(I11:AT11) -> 16
B12: 6 | C12: RODRIGUEZ Clément | D12: U11 | E12: 1 | F12: 1 | G12: 1 | H12: 1 | I12: 1 | J12: 1 | M12: 1 | N12: 0 | O12: 1 | P12: 0 | Q12: 0 | R12: 1 | S12: 1 | V12: 1 | W12: 1 | X12: 1 | Y12: 1 | Z12: 1 | AA12: 1 | AB12: 1 | AE12: 1 | AF12: 0 | AG12: 1 | AU12: =SUM(I12:AT12) -> 15
B13: 7 | C13: SUN Bastien | D13: U11 | E13: 1 | F13: 1 | G13: 1 | H13: 1 | I13: 1 | J13: 1 | M13: 1 | N13: 1 | O13: 1 | P13: 1 | Q13: 1 | R13: 1 | S13: 1 | V13: 1 | W13: 1 | X13: 1 | Y13: 1 | Z13: 0 | AA13: 1 | AB13: 0 | AE13: 1 | AF13: 1 | AG13: 0 | AU13: =SUM(I13:AT13) -> 16
B14: 8 | C14: MOUMEN Maher | D14: U11 | E14: 1 | F14: 1 | G14: 1 | H14: 1 | I14: 1 | J14: 1 | M14: 1 | N14: 1 | O14: 1 | P14: 1 | Q14: 1 | R14: 1 | S14: 0 | V14: 1 | W14: 1 | X14: 1 | Y14: 1 | Z14: 1 | AA14: 1 | AB14: 1 | AE14: 1 | AF14: 1 | AG14: 1 | AU14: =SUM(I14:AT14) -> 18
B15: 9 | C15: MOUMEN Wael | D15: U11 | E15: 1 | F15: 1 | G15: 1 | H15: 1 | I15: 1 | J15: 1 | M15: 1 | N15: 1 | O15: 1 | P15: 1 | Q15: 1 | R15: 1 | S15: 0 | V15: 1 | W15: 1 | X15: 1 | Y15: 1 | Z15: 1 | AA15: 1 | AB15: 1 | AE15: 1 | AF15: 1 | AG15: 1 | AU15: =SUM(I15:AT15) -> 18
B16: 10 | C16: AZARYOUH Ismael | D16: U11 | E16: 1 | F16: 0 | G16: 1 | H16: 1 | I16: 1 | J16: 1 | M16: 1 | N16: 1 | O16: 1 | P16: 1 | Q16: 1 | R16: 1 | S16: 1 | V16: 1 | W16: 1 | X16: 0 | Y16: 1 | Z16: 1 | AA16: 0 | AB16: 0 | AE16: 0 | AF16: 1 | AG16: 1 | AU16: =SUM(I16:AT16) -> 15
B17: 11 | C17: ZERROUKI Aymen | D17: U11 | E17: 0 | F17: 0 | G17: 0 | H17: 0 | I17: 0 | J17: 0 | M17: 1 | N17: 1 | O17: 1 | P17: 1 | Q17: 1 | R17: 1 | S17: 0 | V17: 1 | W17: 0 | X17: 0 | Y17: 0 | Z17: 0 | AA17: 0 | AB17: 0 | AE17: 0 | AF17: 0 | AG17: 0 | AU17: =SUM(I17:AT17) -> 7
B18: 12 | C18: FATY Noha | D18: U12 | E18: 1 | F18: 1 | G18: 1 | H18: 1 | I18: 1 | J18: 0 | M18: 1 | N18: 1 | O18: 1 | P18: 1 | Q18: 1 | R18: 0 | S18: 1 | V18: 1 | W18: 1 | X18: 1 | Y18: 1 | Z18: 1 | AA18: 1 | AB18: 0 | AE18: 1 | AF18: 1 | AG18: 1 | AU18: =SUM(I18:AT18) -> 16
... B20: 14 | C20: BECKER Kolja | D20: U11 | E20: 0 | F20: 0 | G20: 0 | H20: 0 | I20: 0 | J20: 0 | M20: 0 | N20: 0 | O20: 0 | P20: 0 | Q20: 0 | R20: 0 | S20: 0 | V20: 0 | W20: 1 | X20: 1 | Y20: 1 | Z20: 0 | AA20: 1 | AB20: 1 | AE20: 1 | AF20: 1 | AG20: 1 | AU20: =SUM(I20:AT20) -> 8
B21: 15 | AU21: =SUM(I21:AT21) -> 0
B22: 16 | AU22: =SUM(I22:AT22) -> 0
B23: 14 | C23: TOTAL G1 | E23: =COUNTIF(E7:E22,"1") -> 9 | F23: =COUNTIF(F7:F22,"1") -> 11 | G23: =COUNTIF(G7:G22,"1") -> 9 | H23: =COUNTIF(H7:H22,"1") -> 12 | I23: =COUNTIF(I7:I22,"1") -> 11 | J23: =COUNTIF(J7:J22,"1") -> 11 | K23: =COUNTIF(K7:K22,"1") -> 0 | L23: =COUNTIF(L7:L22,"1") -> 0 | ... AP23: =COUNTIF(AP7:AP22,"1") -> 0
E24: 45908 | F24: =E24+7 -> 45915 | G24: =F24+7 -> 45922 | H24: =G24+7 -> 45929 | I24: =H24+7 -> 45936 | J24: =I24+7 -> 45943 | K24: =J24+7 -> 45950 | L24: =K24+7 -> 45957 | M24: =L24+7 -> 45964 | ... AT24: =AS24+7 -> 46195
E26: S1 | F26: S2 | G26: S3 | H26: S4 | I26: S5 | J26: S6 | K26: V | L26: V | M26: S7 | N26: S8 | O26: S9 | P26: S10 | Q26: S11 | R26: S12 | S26: S13 | T26: V | U26: V | V26: S14 | W26: S15 | X26: S16 | Y26: S17 | Z26: S18 | AA26: S19 | AB26: S20 | AC26: V | AD26: V | AE26: S21 | AF26: S22 | AG26: S23 | AH26: S24 | AI26: S25 | AJ26: S26 | AK26: V | AL26: V | AM26: S27 | AN26: S28 | AO26: F | AP26: S29 | AQ26: S30 | AR26: S31 | AS26: S32 | AT26: S33
A27: 2è groupe | B27: 1 | C27: NIEMBRO Pedro (Lille-Bondues) | D27: U12 | AU27: =SUM(I27:AT27) -> 0
B28: 2 | C28: LEMOINE Marcel (Tlse Montaudran) | D28: U11 | E28: 1 | F28: 1 | G28: 0 | H28: 0 | I28: 1 | J28: 1 | M28: 0 | N28: 1 | O28: 1 | P28: 1 | Q28: 1 | R28: 1 | S28: 0 | V28: 1 | W28: 0 | X28: 1 | Y28: 1 | AU28: =SUM(I28:AT28) -> 10
B29: 3 | AU29: =SUM(I29:AT29) -> 0
B30: 4 | AU30: =SUM(I30:AT30) -> 0
B31: 5 | AU31: =SUM(I31:AT31) -> 0
B32: 6 | AU32: =SUM(I32:AT32) -> 0
B33: 7 | AU33: =SUM(I33:AT33) -> 0
B34: 8 | AU34: =SUM(I34:AT34) -> 0
B35: 9 | AU35: =SUM(I35:AT35) -> 0
B36: 10 | AU36: =SUM(I36:AT36) -> 0
B37: 11 | AU37: =SUM(I37:AT37) -> 0
B38: 12 | AU38: =SUM(I38:AT38) -> 0
B39: 13 | AU39: =SUM(I39:AT39) -> 0
B40: 14 | AU40: =SUM(I40:AT40) -> 0
... B42: 16 | AU42: =SUM(I42:AT42) -> 0
B43: 1 | C43: TOTAL G2 | E43: =COUNTIF(E27:E42,"1") -> 1 | F43: =COUNTIF(F27:F42,"1") -> 1 | G43: =COUNTIF(G27:G42,"1") -> 0 | H43: =COUNTIF(H27:H42,"1") -> 0 | I43: =COUNTIF(I27:I42,"1") -> 1 | J43: =COUNTIF(J27:J42,"1") -> 1 | K43: =COUNTIF(K27:K42,"1") -> 0 | L43: =COUNTIF(L27:L42,"1") -> 0 | ... AP43: =COUNTIF(AP27:AP42,"1") -> 0
C45: =SUM(B23+B43) -> 15

Sheet MARDI 17H30 Présence
C1: MARDI 17H30
E4: 45909 | F4: =E4+7 -> 45916 | G4: =F4+7 -> 45923 | H4: =G4+7 -> 45930 | I4: =H4+7 -> 45937 | J4: =I4+7 -> 45944 | K4: =J4+7 -> 45951 | L4: =K4+7 -> 45958 | M4: =L4+7 -> 45965 | ... AT4: =AS4+7 -> 46196
C5: ='BABY Présence'!C4 -> MAJ LISTE 11/03 : 12h15
A6: 1er groupe | C6: TOTAL INSCRIPTION EDF : | D6: ='BABY Présence'!D5 -> 321 | E6: S1 | F6: S2 | G6: S3 | H6: S4 | I6: S5 | J6: S6 | K6: V | L6: V | M6: S7 | N6: S8 | O6: S9 | P6: S10 | Q6: S11 | R6: S12 | S6: S13 | T6: V | U6: V | V6: S14 | W6: S15 | X6: S16 | Y6: S17 | Z6: S18 | AA6: S19 | AB6: S20 | AC6: V | AD6: V | AE6: S21 | AF6: S22 | AG6: S23 | AH6: S24 | AI6: S25 | AJ6: S26 | AK6: V | AL6: V | AM6: S27 | AN6: S28 | AO6: F | AP6: S29 | AQ6: S30 | AR6: S31 | AS6: S32 | AT6: S33
B7: 1 | C7: GHACHI TAILLARD Naël | D7: U6 | E7: 1 | F7: 0 | G7: 0 | H7: 1 | I7: 1 | J7: 1 | M7: 0 | N7: 0 | O7: 1 | P7: 1 | Q7: 1 | R7: 1 | S7: 1 | V7: 1 | W7: 1 | X7: 1 | Y7: 1 | Z7: 1 | AA7: 1 | AD7: 0 | AE7: 1 | AF7: 1 | AG7: 1 | AU7: =SUM(I7:AT7) -> 16
B8: 2 | C8: PUJOL Elio | D8: U6 | E8: 0 | F8: 0 | G8: 1 | H8: 1 | I8: 0 | J8: 0 | M8: 1 | N8: 1 | O8: 1 | P8: 1 | Q8: 1 | R8: 1 | S8: 1 | V8: 1 | W8: 1 | X8: 0 | Y8: 1 | Z8: 1 | AA8: 1 | AD8: 1 | AE8: 0 | AF8: 0 | AG8: 0 | AU8: =SUM(I8:AT8) -> 13
B9: 3 | C9: BRUGAT Mathias | D9: U6 | E9: 1 | F9: 1 | G9: 0 | H9: 1 | I9: 1 | J9: 1 | M9: 1 | N9: 1 | O9: 1 | P9: 1 | Q9: 1 | R9: 1 | S9: 1 | V9: 1 | W9: 1 | X9: 0 | Y9: 0 | Z9: 1 | AA9: 1 | AB9: 1 | AD9: 1 | AE9: 1 | AF9: 1 | AG9: 1 | AU9: =SUM(I9:AT9) -> 18
B10: 4 | C10: MAGNIN Jade | D10: U7 | E10: 1 | F10: 1 | G10: 0 | H10: 1 | I10: 1 | J10: 1 | M10: 0 | N10: 1 | O10: 1 | P10: 1 | Q10: 1 | R10: 1 | S10: 1 | V10: 1 | W10: 0 | X10: 1 | Y10: 1 | Z10: 1 | AA10: 0 | AD10: 1 | AE10: 1 | AF10: 1 | AG10: 0 | AU10: =SUM(I10:AT10) -> 15
B11: 5 | C11: MAGNIN Sophie | D11: U7 | E11: 1 | F11: 1 | G11: 1 | H11: 1 | I11: 1 | J11: 0 | M11: 1 | N11: 0 | O11: 1 | P11: 1 | Q11: 0 | R11: 0 | S11: 0 | V11: 0 | W11: 0 | X11: 1 | Y11: 1 | Z11: 1 | AA11: 1 | AD11: 1 | AE11: 1 | AF11: 1 | AG11: 0 | AU11: =SUM(I11:AT11) -> 11
B12: 6 | C12: AMSELEM Ishay | D12: U7 | E12: 1 | F12: 0 | G12: 1 | H12: 1 | I12: 1 | J12: 1 | M12: 0 | N12: 0 | O12: 1 | P12: 1 | Q12: 1 | R12: 1 | S12: 0 | V12: 1 | W12: 1 | X12: 1 | Y12: 1 | Z12: 1 | AA12: 1 | AB12: 1 | AD12: 0 | AE12: 0 | AF12: 1 | AG12: 1 | AU12: =SUM(I12:AT12) -> 15
B13: 7 | C13: BENZITOUNI Kamïl | D13: U7 | E13: 1 | F13: 0 | G13: 1 | H13: 1 | I13: 1 | J13: 1 | M13: 1 | N13: 1 | O13: 0 | P13: 1 | Q13: 1 | R13: 1 | S13: 1 | V13: 1 | W13: 1 | X13: 0 | Y13: 1 | Z13: 1 | AA13: 1 | AB13: 1 | AD13: 1 | AE13: 1 | AF13: 1 | AG13: 0 | AU13: =SUM(I13:AT13) -> 17
B14: 8 | AU14: =SUM(I14:AT14) -> 0
B15: 9 | AU15: =SUM(I15:AT15) -> 0
B16: 10 | AU16: =SUM(I16:AT16) -> 0
B17: 11 | AU17: =SUM(I17:AT17) -> 0
B18: 12 | AU18: =SUM(I18:AT18) -> 0
B19: 13 | AU19: =SUM(I19:AT19) -> 0
B20: 14 | AU20: =SUM(I20:AT20) -> 0
B21: 15 | AU21: =SUM(I21:AT21) -> 0
B22: 16 | AU22: =SUM(I22:AT22) -> 0
B23: 6 | C23: TOTAL G1 | E23: =COUNTIF(E7:E22,"1") -> 6 | F23: =COUNTIF(F7:F22,"1") -> 3 | G23: =COUNTIF(G7:G22,"1") -> 4 | H23: =COUNTIF(H7:H22,"1") -> 7 | I23: =COUNTIF(I7:I22,"1") -> 6 | J23: =COUNTIF(J7:J22,"1") -> 5 | K23: =COUNTIF(K7:K22,"1") -> 0 | L23: =COUNTIF(L7:L22,"1") -> 0 | ... AT23: =COUNTIF(AT7:AT22,"1") -> 0
C24: Silvio (stage) - U7 - SD | E24: 45909 | F24: =E24+7 -> 45916 | G24: =F24+7 -> 45923 | H24: =G24+7 -> 45930 | I24: =H24+7 -> 45937 | J24: =I24+7 -> 45944 | K24: =J24+7 -> 45951 | L24: =K24+7 -> 45958 | M24: =L24+7 -> 45965 | ... AT24: =AS24+7 -> 46196
E26: S1 | F26: S2 | G26: S3 | H26: S4 | I26: S5 | J26: S6 | K26: V | L26: V | M26: S7 | N26: S8 | O26: S9 | P26: S10 | Q26: S11 | R26: S12 | S26: S13 | T26: V | U26: V | V26: S14 | W26: S15 | X26: S16 | Y26: S17 | Z26: S18 | AA26: S19 | AB26: S20 | AC26: V | AD26: V | AE26: S21 | AF26: S22 | AG26: S23 | AH26: S24 | AI26: S25 | AJ26: S26 | AK26: V | AL26: V | AM26: S27 | AN26: S28 | AO26: F | AP26: S29 | AQ26: S30 | AR26: S31 | AS26: S32 | AT26: S33
A27: 2è groupe | B27: 1 | C27: KHELIF Aaron | D27: U8 | E27: 0 | F27: 1 | G27: 0 | H27: 1 | I27: 0 | J27: 0 | M27: 1 | N27: 0 | O27: 1 | P27: 1 | Q27: 1 | R27: 1 | S27: 1 | V27: 1 | W27: 1 | X27: 1 | Y27: 1 | Z27: 1 | AA27: 1 | AB27: 1 | AE27: 0 | AF27: 1 | AG27: 1 | AU27: =SUM(I27:AT27) -> 15
B28: 2 | C28: HARZALLAH Zakaria | D28: U8 | E28: 1 | F28: 1 | G28: 1 | H28: 1 | I28: 1 | J28: 1 | M28: 1 | N28: 1 | O28: 1 | P28: 1 | Q28: 1 | R28: 1 | S28: 1 | V28: 0 | W28: 1 | X28: 1 | Y28: 1 | Z28: 1 | AA28: 1 | AB28: 1 | AE28: 1 | AF28: 1 | AG28: 1 | AU28: =SUM(I28:AT28) -> 18
B29: 3 | C29: SANCHEZ GUERRERO Lennys | D29: U9 | E29: 1 | F29: 0 | G29: 1 | H29: 1 | I29: 1 | J29: 1 | M29: 1 | N29: 0 | O29: 1 | P29: 0 | Q29: 1 | R29: 1 | S29: 0 | V29: 0 | W29: 1 | X29: 1 | Y29: 1 | Z29: 1 | AA29: 1 | AB29: 1 | AE29: 1 | AF29: 1 | AG29: 1 | AU29: =SUM(I29:AT29) -> 15
B30: 4 | C30: DANOT Maël | D30: U9 | E30: 1 | F30: 1 | G30: 1 | H30: 1 | I30: 1 | J30: 1 | M30: 1 | N30: 0 | O30: 1 | P30: 1 | Q30: 1 | R30: 1 | S30: 0 | V30: 1 | W30: 1 | X30: 1 | Y30: 1 | Z30: 1 | AA30: 1 | AB30: 1 | AE30: 1 | AF30: 1 | AG30: 1 | AU30: =SUM(I30:AT30) -> 17
B31: 5 | C31: OLVERA MARTINEZ Matias Andres | D31: U9 | E31: 1 | F31: 1 | G31: 1 | H31: 1 | I31: 1 | J31: 1 | M31: 1 | N31: 0 | O31: 1 | P31: 1 | Q31: 1 | R31: 1 | S31: 0 | V31: 0 | W31: 1 | X31: 1 | Y31: 1 | Z31: 0 | AA31: 1 | AB31: 1 | AE31: 1 | AF31: 0 | AG31: 1 | AU31: =SUM(I31:AT31) -> 14
B32: 6 | C32: CHALLUT Tom | D32: U9 | E32: 1 | F32: 1 | G32: 1 | H32: 1 | I32: 1 | J32: 1 | M32: 1 | N32: 0 | O32: 1 | P32: 1 | Q32: 1 | R32: 1 | S32: 0 | V32: 1 | W32: 0 | X32: 1 | Y32: 1 | Z32: 1 | AA32: 1 | AB32: 1 | AE32: 0 | AF32: 0 | AG32: 1 | AU32: =SUM(I32:AT32) -> 14
B33: 7 | C33: GUEDJ Joseph | D33: U9 | E33: 1 | F33: 1 | G33: 0 | H33: 0 | I33: 0 | J33: 0 | M33: 1 | N33: 0 | O33: 1 | P33: 0 | Q33: 1 | R33: 1 | S33: 1 | V33: 1 | W33: 1 | X33: 1 | Y33: 1 | Z33: 1 | AA33: 1 | AB33: 1 | AE33: 1 | AF33: 1 | AG33: 1 | AU33: =SUM(I33:AT33) -> 15
B34: 8 | C34: BENHADDOU Imrane | D34: U9 | E34: 1 | F34: 1 | G34: 1 | H34: 1 | I34: 1 | J34: 1 | M34: 1 | N34: 0 | O34: 1 | P34: 1 | Q34: 1 | R34: 1 | S34: 1 | V34: 1 | W34: 1 | X34: 1 | Y34: 1 | Z34: 1 | AA34: 0 | AB34: 1 | AE34: 1 | AF34: 1 | AG34: 1 | AU34: =SUM(I34:AT34) -> 17
B35: 9 | C35: GHACHI TAILLARD Noé | D35: U9 | E35: 1 | F35: 1 | G35: 1 | H35: 1 | I35: 1 | J35: 1 | M35: 1 | N35: 0 | O35: 1 | P35: 1 | Q35: 1 | R35: 1 | S35: 1 | V35: 1 | W35: 1 | X35: 1 | Y35: 1 | Z35: 1 | AA35: 1 | AB35: 1 | AE35: 1 | AF35: 1 | AG35: 1 | AU35: =SUM(I35:AT35) -> 18
B36: 10 | C36: PUJOL Timéo | D36: U9 | E36: 1 | F36: 1 | G36: 0 | H36: 1 | I36: 0 | J36: 1 | M36: 1 | N36: 0 | O36: 1 | P36: 0 | Q36: 1 | R36: 1 | S36: 1 | V36: 0 | W36: 1 | X36: 1 | Y36: 1 | Z36: 1 | AA36: 0 | AE36: 1 | AF36: 0 | AG36: 1 | AU36: =SUM(I36:AT36) -> 12
B37: 11 | C37: DINH Aaron | D37: U8 | E37: 0 | F37: 0 | G37: 0 | H37: 0 | I37: 0 | J37: 0 | M37: 0 | N37: 0 | O37: 0 | P37: 0 | Q37: 1 | R37: 1 | S37: 1 | V37: 0 | W37: 1 | X37: 1 | Y37: 1 | Z37: 1 | AA37: 1 | AB37: 1 | AE37: 1 | AF37: 1 | AG37: 1 | AU37: =SUM(I37:AT37) -> 12
B38: 12 | AU38: =SUM(I38:AT38) -> 0
B39: 13 | AU39: =SUM(I39:AT39) -> 0
B40: 14 | AU40: =SUM(I40:AT40) -> 0
B41: 15 | AU41: =SUM(I41:AT41) -> 0
B42: 16 | AU42: =SUM(I42:AT42) -> 0
B43: 11 | C43: TOTAL G2 | E43: =COUNTIF(E27:E42,"1") -> 9 | F43: =COUNTIF(F27:F42,"1") -> 9 | G43: =COUNTIF(G27:G42,"1") -> 7 | H43: =COUNTIF(H27:H42,"1") -> 9 | I43: =COUNTIF(I27:I42,"1") -> 7 | J43: =COUNTIF(J27:J42,"1") -> 8 | K43: =COUNTIF(K27:K42,"1") -> 0 | L43: =COUNTIF(L27:L42,"1") -> 0 | ... AT43: =COUNTIF(AT27:AT42,"1") -> 0
C45: =SUM(B23+B43) -> 17 | E45: =E43+E23 -> 15 | F45: =F43+F23 -> 12 | G45: =G43+G23 -> 11 | H45: =H43+H23 -> 16 | I45: =I43+I23 -> 13 | J45: =J43+J23 -> 13 | K45: =K43+K23 -> 0 | L45: =L43+L23 -> 0 | ... O45: =O43+O23 -> 16 | Q45: =SUM(E45:O45)-N45 -> 110
Q46: =Q45/8 -> 13.75

Sheet Feuil1

Sheet MERCREDI 14h Présence
C1: MERCREDI 14H00
E4: 45910 | F4: =E4+7 -> 45917 | G4: =F4+7 -> 45924 | H4: =G4+7 -> 45931 | I4: =H4+7 -> 45938 | J4: =I4+7 -> 45945 | K4: =J4+7 -> 45952 | L4: =K4+7 -> 45959 | M4: =L4+7 -> 45966 | ... AT4: =AS4+7 -> 46197
C5: ='BABY Présence'!C4 -> MAJ LISTE 11/03 : 12h15
A6: 1er groupe | C6: TOTAL INSCRIPTION EDF : | D6: ='BABY Présence'!D5 -> 321 | E6: S1 | F6: S2 | G6: S3 | H6: S4 | I6: S5 | J6: S6 | K6: V | L6: V | M6: S7 | N6: S8 | O6: S9 | P6: S10 | Q6: S11 | R6: S12 | S6: S13 | T6: V | U6: V | V6: S14 | W6: S15 | X6: S16 | Y6: S17 | Z6: S18 | AA6: S19 | AB6: S20 | AC6: V | AD6: V | AE6: S21 | AF6: S22 | AG6: S23 | AH6: S24 | AI6: S25 | AJ6: S26 | AK6: V | AL6: V | AM6: S27 | AN6: S28 | AO6: F | AP6: S29 | AQ6: S30 | AR6: S31 | AS6: S32 | AT6: S33 | AU6: =SUM(I6:AT6) -> 0
B7: 1 | C7: BARCELO Pablo | D7: U6 | E7: 1 | F7: 1 | G7: 1 | H7: 1 | I7: 1 | J7: 1 | M7: 0 | N7: 0 | O7: 1 | P7: 1 | Q7: 1 | R7: 0 | S7: 0 | V7: 0 | W7: 1 | X7: 1 | Y7: 0 | Z7: 1 | AA7: 1 | AB7: 1 | AD7: 0 | AE7: 1 | AF7: 1 | AG7: 1 | AU7: =SUM(I7:AT7) -> 13
B8: 2 | C8: MORIN NGUYEN Milo | D8: U6 | E8: 1 | F8: 1 | G8: 0 | H8: 1 | I8: 1 | J8: 0 | M8: 1 | N8: 1 | O8: 1 | P8: 1 | Q8: 1 | R8: 1 | S8: 1 | V8: 1 | W8: 1 | X8: 1 | Y8: 1 | Z8: 0 | AA8: 0 | AB8: 1 | AD8: 1 | AE8: 1 | AF8: 1 | AG8: 1 | AU8: =SUM(I8:AT8) -> 17
B9: 3 | C9: GARCIA LOPEZ Carlos | D9: U6 | E9: 1 | F9: 1 | G9: 1 | H9: 1 | I9: 1 | J9: 1 | M9: 1 | N9: 1 | O9: 1 | P9: 1 | Q9: 1 | R9: 0 | S9: 0 | V9: 1 | W9: 0 | X9: 1 | Y9: 1 | Z9: 1 | AA9: 1 | AB9: 1 | AD9: 0 | AE9: 1 | AF9: 1 | AG9: 1 | AU9: =SUM(I9:AT9) -> 16
B10: 4 | C10: ANDRE Salomon | D10: U6 | E10: 1 | F10: 0 | G10: 0 | H10: 1 | I10: 1 | J10: 1 | M10: 1 | N10: 0 | O10: 1 | P10: 1 | Q10: 1 | R10: 0 | S10: 0 | V10: 0 | W10: 0 | X10: 0 | Y10: 1 | Z10: 1 | AA10: 1 | AB10: 0 | AD10: 0 | AE10: 1 | AF10: 1 | AG10: 1 | AU10: =SUM(I10:AT10) -> 12
B11: 5 | C11: RAMOS AMAT Paolo | D11: U6 | E11: 0 | F11: 0 | G11: 0 | H11: 1 | I11: 1 | J11: 1 | M11: 0 | N11: 0 | O11: 1 | P11: 0 | Q11: 1 | R11: 1 | S11: 1 | V11: 1 | W11: 1 | X11: 1 | Y11: 1 | Z11: 0 | AA11: 0 | AB11: 0 | AD11: 1 | AE11: 0 | AF11: 0 | AG11: 0 | AU11: =SUM(I11:AT11) -> 11
B12: 6 | C12: BALLET Akeem | D12: U6 | E12: 1 | F12: 1 | G12: 0 | H12: 1 | I12: 0 | J12: 1 | M12: 0 | N12: 1 | O12: 0 | P12: 1 | Q12: 1 | R12: 1 | S12: 1 | V12: 1 | W12: 1 | X12: 1 | Y12: 1 | Z12: 1 | AA12: 1 | AB12: 1 | AD12: 1 | AE12: 0 | AF12: 0 | AG12: 1 | AU12: =SUM(I12:AT12) -> 15
B13: 7 | C13: AZUELOS Marceau | D13: U7 | E13: 1 | F13: 0 | G13: 1 | H13: 1 | I13: 1 | J13: 1 | M13: 1 | N13: 1 | O13: 1 | P13: 1 | Q13: 1 | R13: 0 | S13: 1 | V13: 1 | W13: 1 | X13: 1 | Y13: 1 | Z13: 1 | AA13: 1 | AB13: 1 | AD13: 1 | AE13: 1 | AF13: 1 | AG13: 1 | AU13: =SUM(I13:AT13) -> 19
B14: 8 | C14: SYED Adem | D14: U7 | E14: 0 | F14: 1 | G14: 0 | H14: 1 | I14: 1 | J14: 1 | M14: 1 | N14: 1 | O14: 1 | P14: 1 | Q14: 1 | R14: 1 | S14: 1 | V14: 1 | W14: 1 | X14: 0 | Y14: 1 | Z14: 1 | AA14: 1 | AB14: 0 | AD14: 1 | AE14: 0 | AF14: 1 | AG14: 1 | AU14: =SUM(I14:AT14) -> 17
B15: 9 | C15: CARFANTAN Gaspar | D15: U7 | E15: 0 | F15: 1 | G15: 1 | H15: 1 | I15: 1 | J15: 1 | M15: 1 | N15: 1 | O15: 1 | P15: 1 | Q15: 1 | R15: 1 | S15: 1 | V15: 1 | W15: 1 | X15: 1 | Y15: 1 | Z15: 1 | AA15: 1 | AB15: 1 | AE15: 1 | AF15: 1 | AG15: 1 | AU15: =SUM(I15:AT15) -> 19
B16: 10 | C16: CALOIN Chris | D16: U7 | E16: 0 | F16: 0 | G16: 0 | H16: 0 | I16: 0 | J16: 0 | M16: 0 | N16: 0 | O16: 0 | P16: 0 | Q16: 0 | R16: 0 | S16: 0 | V16: 0 | W16: 0 | X16: 0 | Y16: 1 | Z16: 1 | AA16: 1 | AB16: 1 | AE16: 1 | AF16: 1 | AG16: 1 | AU16: =SUM(I16:AT16) -> 7
B17: 11 | C17: SABOUR Kamil | D17: U6 | E17: 0 | F17: 0 | G17: 0 | H17: 0 | I17: 0 | J17: 0 | M17: 0 | N17: 0 | O17: 0 | P17: 0 | Q17: 0 | R17: 0 | S17: 0 | V17: 0 | W17: 0 | X17: 0 | Y17: 0 | Z17: 0 | AA17: 0 | AB17: 1 | AE17: 1 | AF17: 1 | AG17: 1 | AU17: =SUM(I17:AT17) -> 4
B18: 12 | AU18: =SUM(I18:AT18) -> 0
B19: 13 | AU19: =SUM(I19:AT19) -> 0
B20: 14 | AU20: =SUM(I20:AT20) -> 0
B21: 15 | AU21: =SUM(I21:AT21) -> 0
B22: 16 | AU22: =SUM(I22:AT22) -> 0
B23: 11 | C23: TOTAL G1 | E23: =COUNTIF(E7:E22,"1") -> 6 | F23: =COUNTIF(F7:F22,"1") -> 6 | G23: =COUNTIF(G7:G22,"1") -> 4 | H23: =COUNTIF(H7:H22,"1") -> 9 | I23: =COUNTIF(I7:I22,"1") -> 8 | J23: =COUNTIF(J7:J22,"1") -> 8 | K23: =COUNTIF(K7:K22,"1") -> 0 | L23: =COUNTIF(L7:L22,"1") -> 0 | ... AT23: =COUNTIF(AT7:AT22,"1") -> 0 | AU23: =SUM(I23:AT23) -> 150
E24: 45910 | F24: =E24+7 -> 45917 | G24: =F24+7 -> 45924 | H24: =G24+7 -> 45931 | I24: =H24+7 -> 45938 | J24: =I24+7 -> 45945 | K24: =J24+7 -> 45952 | L24: =K24+7 -> 45959 | M24: =L24+7 -> 45966 | ... AT24: =AS24+7 -> 46197
E26: S1 | F26: S2 | G26: S3 | H26: S4 | I26: S5 | J26: S6 | K26: V | L26: V | M26: S7 | N26: S8 | O26: S9 | P26: S10 | Q26: S11 | R26: S12 | S26: S13 | T26: V | U26: V | V26: S14 | W26: S15 | X26: S16 | Y26: S17 | Z26: S18 | AA26: S19 | AB26: S20 | AC26: V | AD26: V | AE26: S21 | AF26: S22 | AG26: S23 | AH26: S24 | AI26: S25 | AJ26: S26 | AK26: V | AL26: V | AM26: S27 | AN26: S28 | AO26: F | AP26: S29 | AQ26: S30 | AR26: S31 | AS26: S32 | AT26: S33 | AU26: =SUM(I26:AT26) -> 0
A27: 2è groupe | B27: 1 | C27: GLANDIER Carl | D27: U8 | E27: 1 | F27: 1 | G27: 1 | H27: 1 | I27: 1 | J27: 1 | M27: 1 | N27: 1 | O27: 1 | P27: 1 | Q27: 1 | R27: 1 | S27: 1 | V27: 1 | W27: 1 | X27: 1 | Y27: 1 | Z27: 1 | AA27: 1 | AB27: 1 | AE27: 1 | AF27: 1 | AG27: 1 | AU27: =SUM(I27:AT27) -> 19
B28: 2 | C28: MITCHELL Arthur | D28: U8 | E28: 1 | F28: 1 | G28: 1 | H28: 1 | I28: 1 | J28: 1 | M28: 1 | N28: 1 | O28: 1 | P28: 1 | Q28: 1 | R28: 1 | S28: 1 | V28: 1 | W28: 1 | X28: 1 | Y28: 1 | Z28: 1 | AA28: 1 | AB28: 1 | AE28: 1 | AF28: 1 | AG28: 1 | AU28: =SUM(I28:AT28) -> 19
B29: 3 | C29: SALAH Gauthier | D29: U8 | E29: 1 | F29: 1 | G29: 1 | H29: 1 | I29: 1 | J29: 1 | M29: 1 | N29: 1 | O29: 1 | P29: 1 | Q29: 1 | R29: 1 | S29: 1 | V29: 1 | W29: 0 | X29: 1 | Y29: 1 | Z29: 1 | AA29: 1 | AB29: 1 | AE29: 1 | AF29: 1 | AG29: 1 | AU29: =SUM(I29:AT29) -> 18
B30: 4 | C30: COULIBALY Adam | D30: U9 | E30: 0 | F30: 0 | G30: 0 | H30: 0 | I30: 1 | J30: 1 | M30: 1 | N30: 1 | O30: 1 | P30: 1 | Q30: 1 | R30: 1 | S30: 0 | V30: 1 | W30: 0 | X30: 0 | Y30: 1 | Z30: 1 | AA30: 0 | AB30: 1 | AE30: 1 | AF30: 1 | AG30: 1 | AU30: =SUM(I30:AT30) -> 15
B31: 5 | C31: MEKDACH Riyad | D31: U9 | E31: 1 | F31: 1 | G31: 1 | H31: 1 | I31: 1 | J31: 0 | M31: 1 | N31: 1 | O31: 0 | P31: 1 | Q31: 0 | R31: 1 | S31: 1 | V31: 1 | W31: 1 | X31: 1 | Y31: 1 | Z31: 1 | AA31: 1 | AB31: 1 | AE31: 1 | AF31: 0 | AG31: 1 | AU31: =SUM(I31:AT31) -> 15
B32: 6 | C32: SI SALAH Mayas | D32: U9 | E32: 0 | F32: 0 | G32: 1 | H32: 1 | I32: 1 | J32: 0 | M32: 1 | N32: 1 | O32: 0 | P32: 1 | Q32: 1 | R32: 1 | S32: 1 | V32: 0 | W32: 1 | X32: 1 | Y32: 1 | Z32: 1 | AA32: 1 | AB32: 1 | AE32: 1 | AF32: 0 | AG32: 1 | AU32: =SUM(I32:AT32) -> 15
B33: 7 | C33: MAZOIN Matisse | D33: U8 | E33: 1 | F33: 1 | G33: 1 | H33: 1 | I33: 1 | J33: 1 | M33: 1 | N33: 1 | O33: 1 | P33: 1 | Q33: 1 | R33: 1 | S33: 1 | V33: 1 | W33: 1 | X33: 1 | Y33: 1 | Z33: 1 | AA33: 0 | AB33: 1 | AE33: 1 | AF33: 1 | AG33: 1 | AU33: =SUM(I33:AT33) -> 18
B34: 8 | C34: LABORIE Romain | D34: U8 | E34: 1 | F34: 1 | G34: 1 | H34: 0 | I34: 1 | J34: 1 | M34: 1 | N34: 1 | O34: 1 | P34: 1 | Q34: 1 | R34: 1 | S34: 1 | V34: 1 | W34: 1 | X34: 1 | Y34: 1 | Z34: 1 | AA34: 1 | AB34: 1 | AE34: 1 | AF34: 1 | AG34: 1 | AU34: =SUM(I34:AT34) -> 19
B35: 9 | C35: DESCUDE Ivan | D35: U8 | E35: 1 | F35: 1 | G35: 1 | H35: 1 | I35: 1 | J35: 1 | M35: 1 | N35: 1 | O35: 1 | P35: 1 | Q35: 0 | R35: 0 | S35: 1 | V35: 1 | W35: 1 | X35: 1 | Y35: 1 | Z35: 1 | AA35: 0 | AB35: 1 | AE35: 1 | AF35: 1 | AG35: 1 | AU35: =SUM(I35:AT35) -> 16
B36: 10 | C36: SCHMITT Baptiste | D36: U8 | E36: 1 | F36: 1 | G36: 1 | H36: 1 | I36: 1 | J36: 1 | M36: 1 | N36: 1 | O36: 1 | P36: 1 | Q36: 1 | R36: 1 | S36: 1 | V36: 1 | W36: 0 | X36: 1 | Y36: 1 | Z36: 1 | AA36: 1 | AB36: 1 | AE36: 0 | AF36: 1 | AG36: 1 | AU36: =SUM(I36:AT36) -> 17
B37: 11 | C37: COUTE Nolan | D37: U9 | E37: 1 | F37: 1 | G37: 1 | H37: 1 | I37: 1 | J37: 1 | M37: 1 | N37: 1 | O37: 1 | P37: 1 | Q37: 1 | R37: 1 | S37: 1 | V37: 1 | W37: 0 | X37: 1 | Y37: 1 | Z37: 0 | AA37: 0 | AB37: 1 | AE37: 1 | AF37: 1 | AG37: 1 | AU37: =SUM(I37:AT37) -> 16
B38: 12 | C38: DIALLO Adam | D38: U7 | E38: 0 | F38: 0 | G38: 0 | H38: 0 | I38: 0 | J38: 0 | M38: 0 | N38: 0 | O38: 1 | P38: 1 | Q38: 0 | R38: 1 | S38: 0 | V38: 1 | W38: 1 | X38: 1 | Y38: 1 | Z38: 1 | AA38: 1 | AB38: 1 | AE38: 1 | AF38: 1 | AG38: 1 | AU38: =SUM(I38:AT38) -> 13
B39: 13 | C39: DE BRITO Raphaël | D39: U8 | E39: 0 | F39: 0 | G39: 0 | H39: 0 | I39: 0 | J39: 0 | M39: 0 | N39: 0 | O39: 0 | P39: 0 | Q39: 0 | R39: 0 | S39: 0 | V39: 0 | W39: 0 | X39: 0 | Y39: 0 | Z39: 0 | AA39: 0 | AB39: 0 | AE39: 0 | AF39: 0 | AG39: 0 | AU39: =SUM(I39:AT39) -> 0
B40: 14 | AU40: =SUM(I40:AT40) -> 0
B41: 15 | AU41: =SUM(I41:AT41) -> 0
B42: 16 | AU42: =SUM(I42:AT42) -> 0
B43: 13 | C43: TOTAL G2 | E43: =COUNTIF(E27:E42,"1") -> 9 | F43: =COUNTIF(F27:F42,"1") -> 9 | G43: =COUNTIF(G27:G42,"1") -> 10 | H43: =COUNTIF(H27:H42,"1") -> 9 | I43: =COUNTIF(I27:I42,"1") -> 11 | J43: =COUNTIF(J27:J42,"1") -> 9 | K43: =COUNTIF(K27:K42,"1") -> 0 | L43: =COUNTIF(L27:L42,"1") -> 0 | ... AT43: =COUNTIF(AT27:AT42,"1") -> 0 | AU43: =SUM(I43:AT43) -> 200
E44: 45910 | F44: =E44+7 -> 45917 | G44: =F44+7 -> 45924 | H44: =G44+7 -> 45931 | I44: =H44+7 -> 45938 | J44: =I44+7 -> 45945 | K44: =J44+7 -> 45952 | L44: =K44+7 -> 45959 | M44: =L44+7 -> 45966 | ... AT44: =AS44+7 -> 46197
E46: S1 | F46: S2 | G46: S3 | H46: S4 | I46: S5 | J46: S6 | K46: V | L46: V | M46: S7 | N46: S8 | O46: S9 | P46: S10 | Q46: S11 | R46: S12 | S46: S13 | T46: V | U46: V | V46: S14 | W46: S15 | X46: S16 | Y46: S17 | Z46: S18 | AA46: S19 | AB46: S20 | AC46: V | AD46: V | AE46: S21 | AF46: S22 | AG46: S23 | AH46: S24 | AI46: S25 | AJ46: S26 | AK46: V | AL46: V | AM46: S27 | AN46: S28 | AO46: F | AP46: S29 | AQ46: S30 | AR46: S31 | AS46: S32 | AT46: S33 | AU46: =SUM(I46:AT46) -> 0
A47: 3è groupe | B47: 1 | C47: COUDERC Antoine | D47: U9 | E47: 0 | F47: 0 | G47: 0 | H47: 0 | I47: 0 | J47: 1 | M47: 1 | N47: 1 | O47: 1 | P47: 1 | Q47: 1 | R47: 1 | S47: 1 | V47: 1 | W47: 1 | X47: 1 | Y47: 1 | Z47: 1 | AA47: 1 | AB47: 1 | AE47: 1 | AF47: 1 | AU47: =SUM(I47:AT47) -> 17
B48: 2 | C48: LEGRAND LHOPITAULT Louis | D48: U8 | E48: 1 | F48: 1 | G48: 1 | H48: 1 | I48: 1 | J48: 1 | M48: 1 | N48: 0 | O48: 1 | P48: 1 | Q48: 1 | R48: 1 | S48: 0 | V48: 1 | W48: 1 | X48: 1 | Y48: 0 | Z48: 1 | AA48: 1 | AB48: 1 | AE48: 1 | AF48: 1 | AG48: 1 | AU48: =SUM(I48:AT48) -> 16
B49: 3 | C49: DELEAU Axel | D49: U8 | E49: 1 | F49: 1 | G49: 1 | H49: 1 | I49: 1 | J49: 1 | M49: 1 | N49: 1 | O49: 1 | P49: 1 | Q49: 1 | R49: 1 | S49: 1 | V49: 1 | W49: 1 | X49: 1 | Y49: 1 | Z49: 1 | AA49: 1 | AB49: 1 | AE49: 1 | AF49: 1 | AG49: 1 | AU49: =SUM(I49:AT49) -> 19
B50: 4 | C50: ICARD Matéo | D50: U8 | E50: 1 | F50: 1 | G50: 1 | H50: 1 | I50: 1 | J50: 1 | M50: 1 | N50: 1 | O50: 1 | P50: 1 | Q50: 1 | R50: 1 | S50: 1 | V50: 1 | W50: MAL | X50: 1 | Y50: 1 | Z50: 1 | AA50: 1 | AB50: 1 | AE50: 1 | AF50: 1 | AG50: 1 | AU50: =SUM(I50:AT50) -> 18
B51: 5 | C51: BOUYGUES Léopold | D51: U8 | E51: 1 | F51: 1 | G51: 1 | H51: 1 | I51: 1 | J51: 1 | M51: 0 | N51: 1 | O51: 1 | P51: 1 | Q51: 1 | R51: 1 | S51: 1 | V51: 1 | W51: 1 | X51: 1 | Y51: 1 | Z51: 1 | AA51: 1 | AB51: 1 | AE51: 1 | AF51: 1 | AG51: 1 | AU51: =SUM(I51:AT51) -> 18
B52: 6 | C52: CAZES Mathis | D52: U8 | E52: 1 | F52: 1 | G52: 1 | H52: 1 | I52: 1 | J52: 1 | M52: 1 | N52: 1 | O52: 1 | P52: 1 | Q52: 1 | R52: 1 | S52: 1 | V52: 1 | W52: 1 | X52: 1 | Y52: 1 | Z52: 1 | AA52: 1 | AB52: 1 | AE52: 1 | AF52: 1 | AG52: 1 | AU52: =SUM(I52:AT52) -> 19
B53: 7 | C53: PARRA-BRUGUIERE Victor | D53: U8 | E53: 0 | F53: 1 | G53: 1 | H53: 1 | I53: 1 | J53: 1 | M53: 1 | N53: 1 | O53: 1 | P53: 1 | Q53: 1 | R53: 1 | S53: 1 | V53: 1 | W53: 1 | X53: 1 | Y53: 1 | Z53: 0 | AA53: 0 | AB53: 1 | AE53: 1 | AF53: 0 | AG53: 1 | AU53: =SUM(I53:AT53) -> 16
B54: 8 | C54: ARBONA Raphaël | D54: U9 | E54: 1 | F54: 1 | G54: 1 | H54: 1 | I54: 1 | J54: 1 | M54: 1 | N54: 1 | O54: 1 | P54: 1 | Q54: 1 | R54: 1 | S54: 1 | V54: 1 | W54: 1 | X54: 0 | Y54: 1 | Z54: 1 | AA54: 1 | AB54: 1 | AE54: 1 | AF54: 0 | AG54: 1 | AU54: =SUM(I54:AT54) -> 17
B55: 9 | C55: MOREIRA Enzo | D55: U9 | E55: 1 | F55: 1 | G55: 1 | H55: 1 | I55: 1 | J55: 1 | M55: 1 | N55: 1 | O55: 1 | P55: 1 | Q55: 1 | R55: 1 | S55: 1 | V55: 1 | W55: 1 | X55: 1 | Y55: 1 | Z55: 1 | AA55: 1 | AB55: 1 | AE55: 1 | AF55: 1 | AG55: 1 | AU55: =SUM(I55:AT55) -> 19
B56: 10 | C56: MICHELLAND Marlon | D56: U9 | E56: 0 | F56: 1 | G56: 1 | H56: 1 | I56: 1 | J56: 1 | M56: 1 | N56: 1 | O56: 1 | P56: 1 | Q56: 1 | R56: 1 | S56: 1 | V56: 0 | W56: 1 | X56: 1 | Y56: 1 | Z56: 1 | AA56: 1 | AB56: 1 | AE56: 1 | AF56: 1 | AG56: 0 | AU56: =SUM(I56:AT56) -> 17
B57: 11 | C57: LASPALLES Paul | D57: U9 | E57: 1 | F57: 1 | G57: 1 | H57: 1 | I57: 1 | J57: 1 | M57: 1 | N57: 1 | O57: 1 | P57: 1 | Q57: 1 | R57: 1 | S57: 1 | V57: 1 | W57: 1 | X57: 1 | Y57: 1 | Z57: 1 | AA57: 0 | AB57: 1 | AE57: 1 | AF57: 1 | AG57: 1 | AU57: =SUM(I57:AT57) -> 18
B58: 12 | AU58: =SUM(I58:AT58) -> 0
B59: 13 | AU59: =SUM(I59:AT59) -> 0
B60: 14 | AU60: =SUM(I60:AT60) -> 0
B61: 15 | AU61: =SUM(I61:AT61) -> 0
B62: 16 | AU62: =SUM(I62:AT62) -> 0
B63: 11 | C63: TOTAL G3 | E63: =COUNTIF(E47:E62,"1") -> 8 | F63: =COUNTIF(F47:F62,"1") -> 10 | G63: =COUNTIF(G47:G62,"1") -> 10 | H63: =COUNTIF(H47:H62,"1") -> 10 | I63: =COUNTIF(I47:I62,"1") -> 10 | J63: =COUNTIF(J47:J62,"1") -> 11 | K63: =COUNTIF(K47:K62,"1") -> 0 | L63: =COUNTIF(L47:L62,"1") -> 0 | ... AT63: =COUNTIF(AT47:AT62,"1") -> 0
C65: =SUM(B23+B43+B63) -> 35

Sheet MERCREDI 15h45 Présence 
C1: MERCREDI 15H45
E4: 45910 | F4: =E4+7 -> 45917 | G4: =F4+7 -> 45924 | H4: =G4+7 -> 45931 | I4: =H4+7 -> 45938 | J4: =I4+7 -> 45945 | K4: =J4+7 -> 45952 | L4: =K4+7 -> 45959 | M4: =L4+7 -> 45966 | ... AT4: =AS4+7 -> 46197
C5: ='BABY Présence'!C4 -> MAJ LISTE 11/03 : 12h15
A6: 1er groupe | C6: TOTAL INSCRIPTION EDF : | D6: ='BABY Présence'!D5 -> 321 | E6: S1 | F6: S2 | G6: S3 | H6: S4 | I6: S5 | J6: S6 | K6: V | L6: V | M6: S7 | N6: S8 | O6: S9 | P6: S10 | Q6: S11 | R6: S12 | S6: S13 | T6: V | U6: V | V6: S14 | W6: S15 | X6: S16 | Y6: S17 | Z6: S18 | AA6: S19 | AB6: S20 | AC6: V | AD6: V | AE6: S21 | AF6: S22 | AG6: S23 | AH6: S24 | AI6: S25 | AJ6: S26 | AK6: V | AL6: V | AM6: S27 | AN6: S28 | AO6: F | AP6: S29 | AQ6: S30 | AR6: S31 | AS6: S32 | AT6: S33 | AU6: =SUM(I6:AT6) -> 0
B7: 1 | C7: ABOU LEYLA Youssef | D7: U10 | E7: 1 | F7: 1 | G7: 1 | H7: 1 | I7: 1 | J7: 1 | M7: 1 | N7: 1 | O7: 1 | P7: 1 | Q7: 1 | R7: 1 | S7: 1 | V7: 0 | W7: 1 | X7: 1 | Y7: 1 | AA7: 1 | AB7: 1 | AE7: 1 | AF7: 1 | AG7: 1 | AU7: =SUM(I7:AT7) -> 17
B8: 2 | C8: LEGRAND LHOPITAULT Gabriel | D8: U10 | E8: 1 | F8: 1 | G8: 1 | H8: 1 | I8: 1 | J8: 1 | M8: 1 | N8: 1 | O8: 1 | P8: 1 | Q8: 1 | R8: 1 | S8: 0 | V8: 1 | W8: 1 | X8: 1 | Y8: 0 | AA8: 1 | AB8: 1 | AE8: 1 | AF8: 1 | AG8: 0 | AU8: =SUM(I8:AT8) -> 15
B9: 3 | C9: NGUEMA MEDANG Seth | D9: U10 | E9: 1 | F9: 1 | G9: 1 | H9: 1 | I9: 1 | J9: 1 | M9: 1 | N9: 1 | O9: 1 | P9: 0 | Q9: 1 | R9: 1 | S9: 1 | V9: 1 | W9: 1 | X9: 1 | Y9: 1 | AA9: 0 | AB9: 1 | AE9: 0 | AF9: 1 | AG9: 0 | AU9: =SUM(I9:AT9) -> 14
B10: 4 | C10: MEDALE Joaquim | D10: U10 | E10: 1 | F10: 1 | G10: 1 | H10: 1 | I10: 1 | J10: 1 | M10: 1 | N10: 1 | O10: 1 | P10: 1 | Q10: 1 | R10: 1 | S10: 1 | V10: 0 | W10: 1 | X10: 1 | Y10: 1 | AA10: 1 | AB10: 1 | AE10: 1 | AF10: 1 | AG10: 0 | AU10: =SUM(I10:AT10) -> 16
B11: 5 | C11: BESNARD Noah | D11: U10 | E11: 1 | F11: 1 | G11: 1 | H11: 1 | I11: 1 | J11: 1 | M11: 1 | N11: 1 | O11: 1 | P11: 1 | Q11: 1 | R11: 1 | S11: 1 | V11: 1 | W11: 0 | X11: 0 | Y11: 1 | AA11: 1 | AB11: 1 | AE11: 1 | AF11: 1 | AG11: 1 | AU11: =SUM(I11:AT11) -> 16
B12: 6 | C12: DESPOISSE Louis | D12: U10 | E12: 1 | F12: 1 | G12: 1 | H12: 1 | I12: 1 | J12: 1 | M12: 1 | N12: 1 | O12: 1 | P12: 1 | Q12: 1 | R12: 1 | S12: 0 | V12: 1 | W12: 1 | X12: 1 | Y12: 1 | AA12: 1 | AB12: 1 | AE12: 1 | AF12: 1 | AG12: 1 | AU12: =SUM(I12:AT12) -> 17
B13: 7 | C13: SACADURA DOS SANTOS Thomas | D13: U10 | E13: 1 | F13: 1 | G13: 1 | H13: 1 | I13: 1 | J13: 0 | M13: 1 | N13: 1 | O13: 1 | P13: 1 | Q13: 0 | R13: 1 | S13: 0 | V13: 1 | W13: 1 | X13: 1 | Y13: 1 | AA13: 1 | AB13: 1 | AE13: 1 | AF13: 0 | AG13: 1 | AU13: =SUM(I13:AT13) -> 14
B14: 8 | C14: KARIMI Jad-Liam | D14: U10 | E14: 1 | F14: 1 | G14: 1 | H14: 1 | I14: 1 | J14: 1 | M14: 1 | N14: 1 | O14: 1 | P14: 1 | Q14: 1 | R14: 1 | S14: 1 | V14: 1 | W14: 1 | X14: 1 | Y14: 1 | AA14: 0 | AB14: 1 | AE14: 1 | AF14: 1 | AG14: 1 | AU14: =SUM(I14:AT14) -> 17
B15: 9 | C15: DELGADO Emiliano | D15: U10 | E15: 1 | F15: 0 | G15: 1 | H15: 1 | I15: 1 | J15: 0 | M15: 1 | N15: 1 | O15: 1 | P15: 1 | Q15: 1 | R15: 1 | S15: 0 | V15: 1 | W15: 0 | X15: 0 | Y15: 1 | AA15: 1 | AB15: 1 | AE15: 1 | AF15: 0 | AG15: 0 | AU15: =SUM(I15:AT15) -> 12
B16: 10 | C16: MANNA Gabriel | D16: U10 | E16: 1 | F16: 1 | G16: 1 | H16: 1 | I16: 1 | J16: 1 | M16: 1 | N16: 1 | O16: 1 | P16: 0 | Q16: 1 | R16: 1 | S16: 1 | V16: 1 | W16: 1 | X16: 1 | Y16: 1 | AA16: 1 | AB16: 1 | AE16: 1 | AF16: 1 | AG16: 1 | AU16: =SUM(I16:AT16) -> 17
B17: 11 | C17: FARSI Amir | D17: U10 | E17: 1 | F17: 1 | G17: 1 | H17: 1 | I17: 0 | J17: 0 | M17: 1 | N17: 0 | O17: 1 | P17: 1 | Q17: 1 | R17: 1 | S17: 1 | V17: 1 | W17: 1 | X17: 1 | Y17: 1 | AA17: 0 | AB17: 1 | AE17: 1 | AF17: 0 | AG17: 0 | AU17: =SUM(I17:AT17) -> 12
B18: 12 | C18: AMRI Souleymane | D18: U10 | E18: 0 | F18: 1 | G18: 1 | H18: 1 | I18: 1 | J18: 1 | M18: 1 | N18: 1 | O18: 1 | P18: 1 | Q18: 1 | R18: 1 | S18: 0 | V18: 0 | W18: 1 | X18: 1 | Y18: 1 | AA18: 1 | AB18: 0 | AE18: 1 | AF18: 1 | AG18: 0 | AU18: =SUM(I18:AT18) -> 14
... B21: 15 | C21: AMER Ayman | D21: U10 | E21: 0 | F21: 0 | G21: 0 | H21: 0 | I21: 0 | J21: 0 | M21: 1 | N21: 1 | O21: 1 | P21: 1 | Q21: 1 | R21: 0 | S21: 0 | V21: 1 | W21: 1 | X21: 1 | Y21: 1 | AA21: 1 | AB21: 1 | AE21: 1 | AF21: 1 | AG21: 1 | AU21: =SUM(I21:AT21) -> 14
B22: 16 | C22: AZIZA Sam | D22: U11 | E22: 0 | F22: 0 | G22: 0 | H22: 0 | I22: 0 | J22: 0 | M22: 1 | N22: 1 | O22: 1 | P22: 1 | Q22: 1 | R22: 1 | S22: 1 | V22: 1 | W22: 1 | X22: 1 | Y22: 1 | AA22: 1 | AB22: 1 | AE22: 1 | AF22: 1 | AU22: =SUM(I22:AT22) -> 15
B23: 16 | C23: TOTAL G1 | E23: =COUNTIF(E7:E22,"1") -> 11 | F23: =COUNTIF(F7:F22,"1") -> 11 | G23: =COUNTIF(G7:G22,"1") -> 13 | H23: =COUNTIF(H7:H22,"1") -> 13 | I23: =COUNTIF(I7:I22,"1") -> 13 | J23: =COUNTIF(J7:J22,"1") -> 10 | K23: =COUNTIF(K7:K22,"1") -> 0 | L23: =COUNTIF(L7:L22,"1") -> 0 | ... AT23: =COUNTIF(AT7:AT22,"1") -> 0 | AU23: =SUM(I23:AT23) -> 244
E24: 45910 | F24: =E24+7 -> 45917 | G24: =F24+7 -> 45924 | H24: =G24+7 -> 45931 | I24: =H24+7 -> 45938 | J24: =I24+7 -> 45945 | K24: =J24+7 -> 45952 | L24: =K24+7 -> 45959 | M24: =L24+7 -> 45966 | ... AT24: =AS24+7 -> 46197
E26: S1 | F26: S2 | G26: S3 | H26: S4 | I26: S5 | J26: S6 | K26: V | L26: V | M26: S7 | N26: S8 | O26: S9 | P26: S10 | Q26: S11 | R26: S12 | S26: S13 | T26: V | U26: V | V26: S14 | W26: S15 | X26: S16 | Y26: S17 | Z26: S18 | AA26: S19 | AB26: S20 | AC26: V | AD26: V | AE26: S21 | AF26: S22 | AG26: S23 | AH26: S24 | AI26: S25 | AJ26: S26 | AK26: V | AL26: V | AM26: S27 | AN26: S28 | AO26: F | AP26: S29 | AQ26: S30 | AR26: S31 | AS26: S32 | AT26: S33 | AU26: =SUM(I26:AT26) -> 0
A27: 2è groupe | B27: 1 | C27: MOREIRA Liam | D27: U11 | E27: 1 | F27: 1 | G27: 0 | H27: 0 | I27: 0 | J27: 0 | M27: 0 | N27: 0 | O27: 0 | P27: 0 | Q27: 0 | R27: 0 | S27: 0 | V27: 0 | W27: 0 | X27: 0 | Y27: 1 | Z27: 0 | AA27: 0 | AB27: 1 | AE27: 1 | AF27: 0 | AG27: 0 | AU27: =SUM(I27:AT27) -> 3
B28: 2 | C28: DEVOS Adam | D28: U11 | E28: 1 | F28: 1 | G28: 1 | H28: 1 | I28: 1 | J28: 1 | M28: 1 | N28: 1 | O28: 1 | P28: 1 | Q28: 1 | R28: 1 | S28: 1 | V28: 1 | W28: 0 | X28: 1 | Y28: 1 | Z28: 1 | AA28: 0 | AB28: 1 | AE28: 1 | AF28: 1 | AG28: 1 | AU28: =SUM(I28:AT28) -> 17
B29: 3 | C29: MOLINA NEGRE Ruben | D29: U11 | E29: 1 | F29: 1 | G29: 1 | H29: 0 | I29: 0 | J29: 0 | M29: 1 | N29: 1 | O29: 1 | P29: 1 | Q29: 1 | R29: 1 | S29: 1 | V29: 0 | W29: 1 | X29: 1 | Y29: 1 | Z29: 0 | AA29: 1 | AB29: 1 | AE29: 1 | AF29: 1 | AG29: 1 | AU29: =SUM(I29:AT29) -> 15
B30: 4 | C30: MOUMEN Maher | D30: U11 | E30: 1 | F30: 1 | G30: 1 | H30: 1 | I30: 1 | J30: 1 | M30: 1 | N30: 1 | O30: 1 | P30: 1 | Q30: 1 | R30: 1 | S30: 1 | V30: 1 | W30: 1 | X30: 1 | Y30: 1 | Z30: 1 | AA30: 1 | AB30: 1 | AE30: 1 | AF30: 1 | AG30: 1 | AU30: =SUM(I30:AT30) -> 19
B31: 5 | C31: MOUMEN Wael | D31: U11 | E31: 1 | F31: 1 | G31: 1 | H31: 1 | I31: 1 | J31: 1 | M31: 1 | N31: 1 | O31: 1 | P31: 1 | Q31: 1 | R31: 1 | S31: 1 | V31: 1 | W31: 1 | X31: 1 | Y31: 1 | Z31: 1 | AA31: 1 | AB31: 1 | AE31: 1 | AF31: 1 | AG31: 1 | AU31: =SUM(I31:AT31) -> 19
B32: 6 | C32: BEAUMONT Elie | D32: U11 | E32: 0 | F32: 1 | G32: 1 | H32: 0 | I32: 1 | J32: 1 | M32: 1 | N32: 1 | O32: 1 | P32: 1 | Q32: 1 | R32: 1 | S32: 1 | V32: 1 | W32: 1 | X32: 1 | Y32: 1 | Z32: 1 | AA32: 1 | AB32: 1 | AE32: 1 | AF32: 1 | AG32: Bagare | AU32: =SUM(I32:AT32) -> 18
B33: 7 | C33: GOMIS Noam | D33: U11 | E33: 0 | F33: 0 | G33: 0 | H33: 0 | I33: 0 | J33: 1 | M33: 1 | N33: 1 | O33: 1 | P33: 1 | Q33: 1 | R33: 1 | S33: 1 | V33: 1 | W33: 1 | X33: 1 | Y33: 1 | Z33: 1 | AA33: 1 | AB33: 1 | AE33: 1 | AF33: 0 | AG33: 0 | AU33: =SUM(I33:AT33) -> 16
B34: 8 | C34: BAMBA Karim Christ Emmanuel | D34: U12 | E34: 1 | F34: 1 | G34: 1 | H34: 1 | I34: 0 | J34: 1 | M34: 1 | N34: 0 | O34: 0 | P34: 1 | Q34: 1 | R34: 1 | S34: 1 | V34: 0 | W34: 1 | X34: 1 | Y34: 1 | Z34: 1 | AA34: 1 | AB34: 0 | AE34: 1 | AF34: 0 | AG34: 1 | AU34: =SUM(I34:AT34) -> 13
B35: 9 | C35: ARBONA Florian | D35: U12 | E35: 1 | F35: 1 | G35: 1 | H35: 1 | I35: 1 | J35: 1 | M35: 1 | N35: 1 | O35: 1 | P35: 1 | Q35: 1 | R35: 1 | S35: 1 | V35: 1 | W35: 0 | X35: 0 | Y35: 1 | Z35: 1 | AA35: 1 | AB35: 0 | AE35: 1 | AF35: 1 | AG35: 1 | AU35: =SUM(I35:AT35) -> 16
B36: 10 | C36: MAGOSSOU Melphy Antoine | D36: U12 | E36: 1 | F36: 1 | G36: 1 | H36: 1 | I36: 1 | J36: 1 | M36: 1 | N36: 1 | O36: 1 | P36: 1 | Q36: 0 | R36: 1 | S36: 1 | V36: 0 | W36: 1 | X36: 0 | Y36: 0 | Z36: 0 | AA36: 0 | AB36: 1 | AE36: 1 | AF36: 0 | AG36: 0 | AU36: =SUM(I36:AT36) -> 11
B37: 11 | C37: ABOU LEYA Adam | D37: U12 | E37: 1 | F37: 1 | G37: 1 | H37: 1 | I37: 1 | J37: 1 | M37: 1 | N37: 1 | O37: 1 | P37: 1 | Q37: 1 | R37: 1 | S37: 1 | V37: 0 | W37: 1 | X37: 1 | Y37: 1 | Z37: 1 | AA37: 1 | AB37: 0 | AE37: 1 | AF37: 0 | AG37: 1 | AU37: =SUM(I37:AT37) -> 16
B38: 12 | C38: MARTIN CHOPINAUD Louis | D38: U12 | E38: 1 | F38: 1 | G38: 1 | H38: 1 | I38: 1 | J38: 1 | M38: 1 | N38: 1 | O38: 1 | P38: 1 | Q38: 1 | R38: 0 | S38: 1 | V38: 0 | W38: 0 | X38: 1 | Y38: 1 | Z38: 1 | AA38: 1 | AB38: 1 | AE38: 1 | AF38: 1 | AG38: 1 | AU38: =SUM(I38:AT38) -> 16
B39: 13 | C39: MOREIRA Lucas | D39: U12 | E39: 1 | F39: 1 | G39: 1 | H39: 1 | I39: 1 | J39: 1 | M39: 1 | N39: 1 | O39: 1 | P39: 1 | Q39: 1 | R39: 1 | S39: 1 | V39: 1 | W39: 1 | X39: 1 | Y39: 1 | Z39: 1 | AA39: 1 | AB39: 1 | AE39: 1 | AF39: 1 | AG39: 1 | AU39: =SUM(I39:AT39) -> 19
B40: 14 | C40: GUERRERO Nino | D40: U12 | E40: 1 | F40: 1 | G40: 1 | H40: 1 | I40: 1 | J40: 1 | M40: 1 | N40: 1 | O40: 1 | P40: 1 | Q40: 1 | R40: 1 | S40: 1 | V40: 0 | W40: 1 | X40: 1 | Y40: 0 | Z40: 1 | AA40: 1 | AB40: 1 | AE40: 1 | AF40: 1 | AG40: 1 | AU40: =SUM(I40:AT40) -> 17
B41: 15 | C41: GONCALVES Gabin | D41: U12 | E41: 1 | F41: 1 | G41: 1 | H41: 1 | I41: 1 | J41: 1 | M41: 1 | N41: 1 | O41: 1 | P41: 1 | Q41: 0 | R41: 1 | S41: 1 | V41: 0 | W41: 1 | X41: 1 | Y41: 1 | Z41: 0 | AA41: 1 | AB41: 1 | AE41: 1 | AF41: 1 | AG41: 1 | AU41: =SUM(I41:AT41) -> 16
B42: 16 | C42: GARBAA Ilyas | D42: U12 | E42: 1 | F42: 1 | G42: 1 | H42: 1 | I42: 1 | J42: 1 | M42: 1 | N42: 1 | O42: 1 | P42: 1 | Q42: 1 | R42: 1 | S42: 1 | V42: 1 | W42: 1 | X42: 1 | Y42: 1 | Z42: 1 | AA42: 1 | AB42: 0 | AE42: 1 | AF42: 0 | AG42: Bagare | AU42: =SUM(I42:AT42) -> 16
B43: 16 | C43: TOTAL G2 | E43: =COUNTIF(E27:E42,"1") -> 14 | F43: =COUNTIF(F27:F42,"1") -> 15 | G43: =COUNTIF(G27:G42,"1") -> 14 | H43: =COUNTIF(H27:H42,"1") -> 12 | I43: =COUNTIF(I27:I42,"1") -> 12 | J43: =COUNTIF(J27:J42,"1") -> 14 | K43: =COUNTIF(K27:K42,"1") -> 0 | L43: =COUNTIF(L27:L42,"1") -> 0 | ... AT43: =COUNTIF(AT27:AT42,"1") -> 0 | AU43: =SUM(I43:AT43) -> 247
E44: 45910 | F44: =E44+7 -> 45917 | G44: =F44+7 -> 45924 | H44: =G44+7 -> 45931 | I44: =H44+7 -> 45938 | J44: =I44+7 -> 45945 | K44: =J44+7 -> 45952 | L44: =K44+7 -> 45959 | M44: =L44+7 -> 45966 | ... AT44: =AS44+7 -> 46197
E46: S1 | F46: S2 | G46: S3 | H46: S4 | I46: S5 | J46: S6 | K46: V | L46: V | M46: S7 | N46: S8 | O46: S9 | P46: S10 | Q46: S11 | R46: S12 | S46: S13 | T46: V | U46: V | V46: S14 | W46: S15 | X46: S16 | Y46: S17 | Z46: S18 | AA46: S19 | AB46: S20 | AC46: V | AD46: V | AE46: S21 | AF46: S22 | AG46: S23 | AH46: S24 | AI46: S25 | AJ46: S26 | AK46: V | AL46: V | AM46: S27 | AN46: S28 | AO46: F | AP46: S29 | AQ46: S30 | AR46: S31 | AS46: S32 | AT46: S33 | AU46: =SUM(I46:AT46) -> 0
A47: 3è groupe | B47: 1 | C47: DORNEVAL Sami, Keyann | D47: U13 | E47: 1 | F47: 1 | G47: 1 | H47: 1 | I47: 1 | J47: 0 | M47: 1 | N47: 1 | O47: 1 | P47: 0 | Q47: 1 | R47: 0 | S47: 1 | V47: 0 | W47: 0 | X47: 0 | Y47: 0 | Z47: 0 | AA47: 0 | AB47: 0 | AU47: =SUM(I47:AT47) -> 6
B48: 2 | C48: BOUVIER Victor | D48: U13 | E48: 1 | F48: 0 | G48: 1 | H48: 1 | I48: 1 | J48: 1 | M48: 1 | N48: 1 | O48: 1 | P48: 1 | Q48: 1 | R48: 1 | S48: 1 | V48: 1 | W48: 1 | X48: 1 | Y48: 1 | Z48: 1 | AA48: 1 | AB48: 1 | AE48: 1 | AF48: 1 | AG48: 1 | AU48: =SUM(I48:AT48) -> 19
B49: 3 | C49: THILLARD Jack | D49: U13 | E49: 1 | F49: 1 | G49: 1 | H49: 1 | I49: 1 | J49: 1 | M49: 1 | N49: 1 | O49: 1 | P49: 1 | Q49: 1 | R49: 1 | S49: 1 | V49: 1 | W49: 1 | X49: 1 | Y49: 1 | Z49: 0 | AA49: 1 | AB49: 1 | AE49: 1 | AF49: 1 | AG49: 1 | AU49: =SUM(I49:AT49) -> 18
B50: 4 | C50: CHAFIQ Yacine | D50: U13 | E50: 0 | F50: 0 | G50: 0 | H50: 0 | I50: 0 | J50: 1 | M50: 1 | N50: 1 | O50: 1 | P50: 1 | Q50: 1 | R50: 1 | S50: 1 | V50: 1 | W50: 1 | X50: 1 | Y50: 1 | Z50: 1 | AA50: 1 | AB50: 1 | AE50: 1 | AF50: 1 | AG50: 1 | AU50: =SUM(I50:AT50) -> 18
B51: 5 | C51: AMER Wael | D51: U13 | E51: 0 | F51: 0 | G51: 0 | H51: 0 | I51: 0 | J51: 0 | M51: 1 | N51: 1 | O51: 1 | P51: 1 | Q51: 1 | R51: 0 | S51: 1 | V51: 1 | W51: 1 | X51: 1 | Y51: 1 | Z51: 1 | AA51: 1 | AB51: 0 | AE51: 1 | AF51: 1 | AG51: 1 | AU51: =SUM(I51:AT51) -> 15
B52: 6 | C52: MARCOU Esteban | D52: U14 | E52: 1 | F52: 1 | G52: 1 | H52: 1 | I52: 1 | J52: 1 | M52: 1 | N52: 1 | O52: 1 | P52: 1 | Q52: 1 | R52: 1 | S52: 1 | V52: 1 | W52: 1 | X52: 0 | Y52: 1 | Z52: 1 | AA52: 0 | AB52: 1 | AE52: 1 | AF52: 1 | AG52: 0 | AU52: =SUM(I52:AT52) -> 16
B53: 7 | C53: PEREZ Sacha | D53: U14 | E53: 1 | F53: 1 | G53: 1 | H53: 1 | I53: 1 | J53: 1 | M53: 1 | N53: 0 | O53: 1 | P53: 0 | Q53: 0 | R53: 0 | S53: 1 | V53: 1 | W53: 1 | X53: 1 | Y53: 1 | Z53: 0 | AA53: 1 | AB53: 0 | AF53: 1 | AG53: 1 | AU53: =SUM(I53:AT53) -> 12
B54: 8 | C54: PEMBA MBOULET Omaël | D54: U14 | E54: 0 | F54: 0 | G54: 0 | H54: 0 | I54: 1 | J54: 1 | M54: 1 | N54: 1 | O54: 1 | P54: 0 | Q54: 1 | R54: 1 | S54: 1 | V54: 0 | W54: 1 | X54: 1 | Y54: 0 | Z54: 1 | AA54: 1 | AB54: 1 | AE54: 1 | AF54: 1 | AG54: 1 | AU54: =SUM(I54:AT54) -> 16
B55: 9 | C55: NOTTOLI Oscar | D55: U15 | E55: 1 | F55: 1 | G55: 1 | H55: 1 | I55: 1 | J55: 1 | M55: 0 | N55: 1 | O55: 1 | P55: 1 | Q55: 1 | R55: 0 | S55: 1 | V55: 1 | W55: 0 | X55: 0 | Y55: 1 | Z55: 1 | AA55: 1 | AB55: 0 | AE55: 1 | AF55: 1 | AG55: 1 | AU55: =SUM(I55:AT55) -> 14
B56: 10 | C56: LATHIERE Raphaël | D56: U15 | E56: 1 | F56: 1 | G56: 1 | H56: 1 | I56: 1 | J56: 1 | M56: 1 | N56: 1 | O56: 1 | P56: 1 | Q56: 1 | R56: 1 | S56: 1 | V56: 0 | W56: 0 | X56: 1 | Y56: 0 | Z56: 1 | AA56: 0 | AB56: 1 | AE56: 1 | AF56: 1 | AG56: 1 | AU56: =SUM(I56:AT56) -> 15
B57: 11 | C57: BANMASSOUD Yanis | D57: U15 | E57: 1 | F57: 0 | G57: 0 | H57: 1 | I57: 1 | J57: 0 | M57: 1 | N57: 1 | O57: 0 | P57: 1 | Q57: 1 | R57: 1 | S57: 1 | V57: 1 | W57: 1 | X57: 1 | Y57: 0 | Z57: 1 | AA57: 0 | AB57: 0 | AE57: 1 | AF57: 0 | AG57: 1 | AU57: =SUM(I57:AT57) -> 13
B58: 12 | C58: MAYOUCHE Maël | D58: U16 | E58: 1 | F58: 1 | G58: 1 | H58: 1 | I58: 1 | J58: 1 | M58: 1 | N58: 1 | O58: 1 | P58: 1 | Q58: 1 | R58: 1 | S58: 1 | V58: 1 | W58: 1 | X58: 1 | Y58: 1 | Z58: 1 | AA58: 1 | AB58: 1 | AE58: 1 | AF58: 1 | AG58: 1 | AU58: =SUM(I58:AT58) -> 19
B59: 13 | C59: ROCHE Maël | D59: U14 | E59: 0 | F59: 0 | G59: 0 | H59: 0 | I59: 0 | J59: 0 | M59: 0 | N59: 0 | O59: 0 | P59: 0 | Q59: 0 | R59: 0 | S59: 0 | V59: 0 | W59: 1 | X59: BL (1) | Y59: BL | Z59: BL | AA59: BL | AB59: BL | AE59: 0 | AF59: 0 | AG59: 0 | AU59: =SUM(I59:AT59) -> 1
B60: 14 | AU60: =SUM(I60:AT60) -> 0
B61: 15 | AU61: =SUM(I61:AT61) -> 0
B62: 16 | C62: POURQUIER Simon | D62: U12 | E62: 1 | F62: 1 | G62: 1 | H62: 1 | I62: 1 | J62: 0 | M62: 1 | N62: 1 | O62: 0 | P62: Souhaite arreter, s'est mis au ping-pong | AU62: =SUM(I62:AT62) -> 3
B63: 14 | C63: TOTAL G3 | E63: =COUNTIF(E47:E62,"1") -> 10 | F63: =COUNTIF(F47:F62,"1") -> 8 | G63: =COUNTIF(G47:G62,"1") -> 9 | H63: =COUNTIF(H47:H62,"1") -> 10 | I63: =COUNTIF(I47:I62,"1") -> 11 | J63: =COUNTIF(J47:J62,"1") -> 9 | K63: =COUNTIF(K47:K62,"1") -> 0 | L63: =COUNTIF(L47:L62,"1") -> 0 | ... AT63: =COUNTIF(AT47:AT62,"1") -> 0 | AU63: =SUM(AU47:AU62) -> 185
C65: =B23+B43+B63 -> 46

Sheet VENDREDI 17h30 Présence
C1: VENDREDI 17H30
E4: 45912 | F4: =E4+7 -> 45919 | G4: =F4+7 -> 45926 | H4: =G4+7 -> 45933 | I4: =H4+7 -> 45940 | J4: =I4+7 -> 45947 | K4: =J4+7 -> 45954 | L4: =K4+7 -> 45961 | M4: =L4+7 -> 45968 | ... AT4: =AS4+7 -> 46199
C5: ='BABY Présence'!C4 -> MAJ LISTE 11/03 : 12h15
A6: 1er groupe | C6: TOTAL INSCRIPTION EDF : | D6: ='BABY Présence'!D5 -> 321 | E6: S1 | F6: S2 | G6: S3 | H6: S4 | I6: S5 | J6: S6 | K6: V | L6: V | M6: S7 | N6: S8 | O6: S9 | P6: S10 | Q6: S11 | R6: S12 | S6: S13 | T6: V | U6: V | V6: S14 | W6: S15 | X6: S16 | Y6: S17 | Z6: S18 | AA6: S19 | AB6: S20 | AC6: V | AD6: V | AE6: S21 | AF6: S22 | AG6: S23 | AH6: S24 | AI6: S25 | AJ6: S26 | AK6: V | AL6: V | AM6: S27 | AN6: S28 | AO6: F | AP6: S29 | AQ6: S30 | AR6: S31 | AS6: S32 | AT6: S33
B7: 1 | C7: TRIN Léo | D7: U6 | E7: 0 | F7: 1 | G7: 1 | H7: 0 | I7: 1 | J7: 1 | M7: 0 | N7: 1 | O7: 1 | P7: 1 | Q7: 1 | R7: 1 | S7: 0 | V7: 1 | W7: 1 | X7: 1 | Y7: 1 | Z7: 1 | AA7: 1 | AB7: 0 | AD7: 1 | AE7: 1 | AF7: 1 | AG7: 1 | AU7: =SUM(I7:AT7) -> 17
B8: 2 | C8: PEGUET Edgar | D8: U6 | E8: 1 | F8: 0 | G8: 1 | H8: 1 | I8: 1 | J8: 1 | M8: 1 | N8: 0 | O8: 1 | P8: 1 | Q8: 1 | R8: 1 | S8: 1 | V8: 1 | W8: 1 | X8: 1 | Y8: 1 | Z8: 1 | AA8: 1 | AB8: 1 | AD8: 1 | AE8: 1 | AF8: 1 | AG8: 1 | AU8: =SUM(I8:AT8) -> 19
B9: 3 | C9: AL HASSAN Yousef | D9: U6 | E9: 1 | F9: 1 | G9: 0 | H9: 1 | I9: 0 | J9: 1 | M9: 1 | N9: 1 | O9: 0 | P9: 1 | Q9: 1 | R9: 1 | S9: 1 | V9: 1 | W9: 1 | X9: 1 | Y9: 1 | Z9: 0 | AA9: 1 | AB9: 0 | AD9: 0 | AE9: 0 | AF9: 0 | AG9: 0 | AU9: =SUM(I9:AT9) -> 12
B10: 4 | C10: SIMON Gabriel | D10: U6 | E10: 1 | F10: 1 | G10: 1 | H10: 1 | I10: 1 | J10: 1 | M10: 1 | N10: 0 | O10: 1 | P10: 1 | Q10: 1 | R10: 0 | S10: 0 | V10: 0 | W10: 0 | X10: 1 | Y10: 1 | Z10: 1 | AA10: 0 | AB10: 1 | AD10: 0 | AE10: 1 | AF10: 1 | AG10: 1 | AU10: =SUM(I10:AT10) -> 13
B11: 5 | C11: SAFA Jad | D11: U6 | E11: 1 | F11: 1 | G11: 1 | H11: 1 | I11: 1 | J11: 1 | M11: 0 | N11: 1 | O11: 1 | P11: 1 | Q11: 1 | R11: 1 | S11: 1 | V11: 1 | W11: 1 | X11: 1 | Y11: 1 | Z11: 1 | AA11: 1 | AB11: 1 | AD11: 1 | AE11: 1 | AF11: 1 | AG11: 1 | AU11: =SUM(I11:AT11) -> 19
B12: 6 | C12: GRIMAL Johan | D12: U7 | E12: 1 | F12: 1 | G12: 1 | H12: 1 | I12: 1 | J12: 1 | M12: 1 | N12: 1 | O12: 1 | P12: 1 | Q12: 1 | R12: 1 | S12: 1 | V12: 1 | W12: 1 | X12: 1 | Y12: 1 | Z12: 1 | AA12: 1 | AB12: 1 | AD12: 1 | AE12: 1 | AF12: 0 | AG12: 1 | AU12: =SUM(I12:AT12) -> 19
B13: 7 | C13: TEIXEIRA RICHARD Paul | D13: U7 | E13: 1 | F13: 1 | G13: 1 | H13: 1 | I13: 1 | J13: 1 | M13: 1 | N13: 1 | O13: 1 | P13: 1 | Q13: 1 | R13: 1 | S13: 0 | V13: 0 | W13: 1 | X13: 0 | Y13: 1 | Z13: 1 | AA13: 0 | AB13: 1 | AD13: 0 | AE13: 1 | AF13: 0 | AG13: 1 | AU13: =SUM(I13:AT13) -> 14
B14: 8 | C14: BEN ABDELJELIL Zakarya | D14: U7 | E14: 1 | F14: 1 | G14: 1 | H14: 1 | I14: 1 | J14: 1 | M14: 1 | N14: 0 | O14: 1 | P14: 0 | Q14: 0 | R14: 1 | S14: 0 | V14: 1 | W14: 1 | X14: 1 | Y14: 1 | Z14: 1 | AA14: 1 | AB14: 1 | AD14: 1 | AE14: 1 | AF14: 1 | AG14: 1 | AU14: =SUM(I14:AT14) -> 16
B15: 9 | C15: SUN Jimmy | D15: U7 | E15: 1 | F15: 1 | G15: 0 | H15: 1 | I15: 1 | J15: 0 | M15: 1 | N15: 1 | O15: 1 | P15: 1 | Q15: 1 | R15: 1 | S15: 1 | V15: 1 | W15: 1 | X15: 1 | Y15: 0 | Z15: 1 | AA15: 0 | AB15: 1 | AE15: 1 | AF15: 1 | AG15: 1 | AU15: =SUM(I15:AT15) -> 16
B16: 10 | C16: ELKHALFIOUI Wakil | D16: U7 | E16: 0 | F16: 0 | G16: 0 | H16: 0 | I16: 0 | J16: 1 | M16: 1 | N16: 1 | O16: 1 | P16: 1 | Q16: 1 | R16: 0 | S16: 0 | V16: 1 | W16: 1 | X16: 0 | Y16: 1 | Z16: 1 | AA16: 1 | AB16: 0 | AE16: 1 | AF16: 0 | AG16: 0 | AU16: =SUM(I16:AT16) -> 12
B17: 11 | C17: MURILLO-NNABUIHE Caymmi | D17: U8 | E17: 1 | F17: 1 | G17: 1 | H17: 1 | I17: 0 | J17: 0 | M17: 1 | N17: 0 | O17: 0 | P17: 0 | Q17: 1 | R17: 0 | S17: 0 | V17: 0 | W17: 1 | X17: 1 | Y17: 0 | Z17: 0 | AA17: 0 | AB17: 1 | AE17: 1 | AF17: 1 | AG17: 1 | AU17: =SUM(I17:AT17) -> 8
B18: 12 | C18: HARZALLAH Zakaria | D18: U8 | E18: 0 | F18: 1 | G18: 1 | H18: 0 | I18: 1 | J18: 1 | M18: 1 | N18: 1 | O18: 1 | P18: 1 | Q18: 1 | R18: 1 | S18: 1 | V18: 1 | W18: 0 | X18: 1 | Y18: 1 | Z18: 1 | AA18: 1 | AB18: 1 | AE18: 1 | AF18: 1 | AG18: 1 | AU18: =SUM(I18:AT18) -> 18
B19: 13 | C19: LEMOINE Anatole | D19: U8 | E19: 1 | F19: 1 | G19: 1 | H19: 1 | I19: 1 | J19: 0 | M19: 1 | N19: 1 | O19: 0 | P19: 0 | Q19: 1 | R19: 0 | S19: 0 | V19: 1 | W19: 1 | X19: 0 | Y19: 1 | Z19: 1 | AA19: 1 | AB19: 0 | AE19: 1 | AF19: 1 | AG19: 0 | AU19: =SUM(I19:AT19) -> 11
B20: 14 | C20: PETITJEAN Maxance | D20: U8 | E20: 1 | F20: 0 | G20: 0 | H20: 0 | I20: 0 | J20: 0 | M20: 1 | N20: 1 | O20: 1 | P20: 1 | Q20: 1 | R20: 1 | S20: 1 | V20: 1 | W20: 1 | X20: MAL | Y20: 1 | Z20: 1 | AA20: 1 | AB20: 0 | AE20: 1 | AF20: 1 | AG20: 0 | AU20: =SUM(I20:AT20) -> 14
B21: 15 | C21: GASPARINI CASTRO Matteo | D21: U7 | E21: 0 | F21: 0 | G21: 0 | H21: 0 | I21: 0 | J21: 0 | M21: 0 | N21: 0 | O21: 0 | P21: 0 | Q21: 0 | R21: 0 | S21: 0 | V21: 1 | W21: 1 | X21: 1 | Y21: 1 | Z21: 1 | AA21: 1 | AB21: 0 | AE21: 1 | AF21: 1 | AG21: 1 | AU21: =SUM(I21:AT21) -> 9
B22: 16 | C22: LARBAOUI El Mehdi | D22: U6 | E22: 0 | F22: 0 | G22: 0 | H22: 0 | I22: 0 | J22: 0 | M22: 0 | N22: 0 | O22: 0 | P22: 0 | Q22: 0 | R22: 0 | S22: 0 | V22: 0 | W22: 0 | X22: 1 | Y22: 1 | Z22: 1 | AA22: 1 | AB22: 0 | AE22: 0 | AF22: 0 | AG22: 1 | AU22: =SUM(I22:AT22) -> 5
B23: 16 | C23: TOTAL G1 | E23: =COUNTIF(E7:E22,"1") -> 11 | F23: =COUNTIF(F7:F22,"1") -> 11 | G23: =COUNTIF(G7:G22,"1") -> 10 | H23: =COUNTIF(H7:H22,"1") -> 10 | I23: =COUNTIF(I7:I22,"1") -> 10 | J23: =COUNTIF(J7:J22,"1") -> 10 | K23: =COUNTIF(K7:K22,"1") -> 0 | L23: =COUNTIF(L7:L22,"1") -> 0 | ... AT23: =COUNTIF(AT7:AT22,"1") -> 0 | AU23: =SUM(I23:AT23) -> 222
E24: 45912 | F24: =E24+7 -> 45919 | G24: =F24+7 -> 45926 | H24: =G24+7 -> 45933 | I24: =H24+7 -> 45940 | J24: =I24+7 -> 45947 | K24: =J24+7 -> 45954 | L24: =K24+7 -> 45961 | M24: =L24+7 -> 45968 | ... AT24: =AS24+7 -> 46199
E26: S1 | F26: S2 | G26: S3 | H26: S4 | I26: S5 | J26: S6 | K26: V | L26: V | M26: S7 | N26: S8 | O26: S9 | P26: S10 | Q26: S11 | R26: S12 | S26: S13 | T26: V | U26: V | V26: S14 | W26: S15 | X26: S16 | Y26: S17 | Z26: S18 | AA26: S19 | AB26: S20 | AC26: V | AD26: V | AE26: S21 | AF26: S22 | AG26: S23 | AH26: S24 | AI26: S25 | AJ26: S26 | AK26: V | AL26: V | AM26: S27 | AN26: S28 | AO26: F | AP26: S29 | AQ26: S30 | AR26: S31 | AS26: S32 | AT26: S33
A27: 2è groupe | B27: 1 | C27: ZORGATI Ryan | D27: U8 | E27: 1 | F27: 1 | G27: 1 | H27: 1 | I27: 1 | J27: 1 | M27: 1 | N27: 1 | O27: 1 | P27: 1 | Q27: 1 | R27: 1 | S27: 1 | V27: 1 | W27: 1 | X27: 0 | Z27: 1 | AA27: 1 | AB27: 1 | AE27: 1 | AF27: 1 | AG27: 1 | AU27: =SUM(I27:AT27) -> 17
B28: 2 | C28: BRADAI Adam | D28: U8 | E28: 0 | F28: 1 | G28: 1 | H28: 1 | I28: 1 | J28: 0 | M28: 1 | N28: 1 | O28: 1 | P28: 1 | Q28: 1 | R28: 0 | S28: 1 | V28: 1 | W28: 1 | X28: 1 | Y28: 1 | Z28: 1 | AA28: 1 | AB28: 1 | AE28: 1 | AF28: 1 | AG28: 1 | AU28: =SUM(I28:AT28) -> 17
B29: 3 | C29: ALADWAN Shahim | D29: U9 | E29: 1 | F29: 1 | G29: 1 | H29: 1 | I29: 1 | J29: 1 | M29: 1 | N29: 1 | O29: 1 | P29: 1 | Q29: 1 | R29: 1 | S29: 1 | V29: 1 | W29: 1 | X29: 1 | Y29: 1 | Z29: 1 | AA29: 1 | AB29: 1 | AE29: 1 | AF29: 1 | AG29: 1 | AU29: =SUM(I29:AT29) -> 19
B30: 4 | C30: KATAOKA Ren | D30: U9 | E30: 0 | F30: 1 | G30: 0 | H30: 0 | I30: 1 | J30: 1 | M30: 0 | N30: 1 | O30: 1 | P30: 0 | Q30: 0 | R30: 1 | S30: 1 | V30: 1 | W30: 1 | X30: 0 | Y30: 1 | Z30: 1 | AA30: 1 | AB30: 1 | AE30: 1 | AF30: 1 | AG30: 1 | AU30: =SUM(I30:AT30) -> 15
B31: 5 | C31: BEN ABDELJELIL Skander | D31: U9 | E31: 1 | F31: 1 | G31: 1 | H31: 1 | I31: 1 | J31: 1 | M31: 0 | N31: 1 | O31: 1 | P31: 1 | Q31: 1 | R31: 1 | S31: 1 | V31: 1 | W31: 1 | X31: 1 | Y31: 1 | Z31: 1 | AA31: 1 | AB31: 1 | AE31: 1 | AF31: 1 | AG31: 1 | AU31: =SUM(I31:AT31) -> 18
B32: 6 | C32: SEMPE Soan | D32: U9 | E32: 1 | F32: 1 | G32: 1 | H32: 1 | I32: 1 | J32: 1 | M32: 1 | N32: 1 | O32: 1 | P32: 1 | Q32: 1 | R32: 1 | S32: 1 | V32: 0 | W32: 1 | X32: 1 | Z32: 1 | AA32: 0 | AB32: 1 | AE32: 1 | AF32: 1 | AG32: 1 | AU32: =SUM(I32:AT32) -> 16
B33: 7 | C33: KHASAEEBAH Adim | D33: U10 | E33: 0 | F33: 0 | G33: 0 | H33: 0 | I33: 0 | J33: 0 | M33: 1 | N33: 1 | O33: 1 | P33: 1 | Q33: 1 | R33: 1 | S33: 1 | V33: 1 | W33: 0 | X33: 1 | Y33: 1 | Z33: 1 | AA33: 0 | AB33: 1 | AE33: 0 | AF33: 0 | AG33: 1 | AU33: =SUM(I33:AT33) -> 13
B34: 8 | C34: PEGUET Achille | D34: U10 | E34: 1 | F34: 1 | G34: 1 | H34: 1 | I34: 1 | J34: 1 | M34: 1 | N34: 1 | O34: 1 | P34: 1 | Q34: 1 | R34: 1 | S34: 1 | V34: 1 | W34: 1 | X34: 1 | Y34: 1 | Z34: 1 | AA34: 1 | AB34: 1 | AE34: 1 | AF34: 1 | AG34: 1 | AU34: =SUM(I34:AT34) -> 19
B35: 9 | C35: GRIMAL Adria | D35: U10 | E35: 1 | F35: 1 | G35: 1 | H35: 1 | I35: 0 | J35: 1 | M35: 1 | N35: 1 | O35: 0 | P35: 0 | Q35: 1 | R35: 0 | S35: 0 | V35: 0 | W35: 1 | X35: 1 | Z35: 1 | AA35: 1 | AB35: 1 | AE35: 1 | AF35: 0 | AG35: 1 | AU35: =SUM(I35:AT35) -> 11
B36: 10 | C36: AMADIEU BALAVOINE Basile | D36: U10 | E36: 1 | F36: 1 | G36: 1 | H36: 1 | I36: 1 | J36: 1 | M36: 1 | N36: 1 | O36: 1 | P36: 0 | Q36: 1 | R36: 1 | S36: 1 | V36: 1 | W36: 1 | X36: 1 | Y36: 1 | Z36: 1 | AA36: 1 | AB36: 1 | AE36: 1 | AF36: 1 | AG36: 1 | AU36: =SUM(I36:AT36) -> 18
B37: 11 | C37: REGIS Noé | D37: U10 | E37: 1 | F37: 1 | G37: 1 | H37: 1 | I37: 1 | J37: 1 | M37: 1 | N37: 1 | O37: 1 | P37: 0 | Q37: 1 | R37: 0 | S37: 0 | V37: 1 | W37: 1 | X37: 0 | Y37: 1 | Z37: 1 | AA37: 1 | AB37: 1 | AE37: 1 | AF37: 1 | AU37: =SUM(I37:AT37) -> 14
B38: 12 | C38: NICOLLE Noah | D38: U10 | E38: 0 | F38: 0 | G38: 0 | H38: 1 | I38: 1 | J38: 1 | M38: 1 | N38: 1 | O38: 1 | P38: 1 | Q38: 1 | R38: 1 | S38: 1 | V38: 1 | W38: 0 | X38: 0 | Y38: 1 | Z38: 1 | AA38: 1 | AB38: 1 | AE38: 1 | AF38: 1 | AG38: 1 | AU38: =SUM(I38:AT38) -> 17
B39: 13 | C39: AL HASSAN Karam | D39: U11 | E39: 0 | F39: 1 | G39: 1 | H39: 0 | I39: 1 | J39: 1 | M39: 1 | N39: 1 | O39: 0 | P39: 0 | Q39: 1 | R39: 0 | S39: 1 | V39: 0 | W39: 1 | X39: 1 | Z39: 1 | AA39: 1 | AB39: 1 | AE39: 1 | AF39: 1 | AG39: 1 | AU39: =SUM(I39:AT39) -> 14
B40: 14 | C40: BELFQUIH Amine | D40: U12 | E40: 0 | F40: 1 | G40: 0 | H40: 0 | I40: 0 | J40: 0 | M40: 0 | N40: 0 | O40: 1 | P40: 0 | Q40: 1 | R40: 0 | S40: 1 | V40: 0 | W40: 0 | X40: 1 | Z40: 1 | AA40: 1 | AB40: 1 | AE40: 1 | AF40: 0 | AU40: =SUM(I40:AT40) -> 8
B41: 15 | C41: ARIF Adam | D41: U10 | E41: 0 | F41: 0 | G41: 0 | H41: 0 | I41: 0 | J41: 0 | M41: 0 | N41: 0 | O41: 1 | P41: 1 | Q41: 1 | R41: 1 | S41: 0 | V41: 0 | W41: 1 | X41: 1 | Y41: 1 | Z41: 1 | AA41: 1 | AB41: 1 | AE41: 1 | AF41: 0 | AG41: 1 | AU41: =SUM(I41:AT41) -> 12
B42: 15 | C42: TOTAL G2 | E42: =COUNTIF(E27:E41,"1") -> 8 | F42: =COUNTIF(F27:F41,"1") -> 12 | G42: =COUNTIF(G27:G41,"1") -> 10 | H42: =COUNTIF(H27:H41,"1") -> 10 | I42: =COUNTIF(I27:I41,"1") -> 11 | J42: =COUNTIF(J27:J41,"1") -> 11 | K42: =COUNTIF(K27:K41,"1") -> 0 | L42: =COUNTIF(L27:L41,"1") -> 0 | ... AT42: =COUNTIF(AT27:AT41,"1") -> 0 | AU42: =SUM(I42:AT42) -> 228
E43: 45912 | F43: =E43+7 -> 45919 | G43: =F43+7 -> 45926 | H43: =G43+7 -> 45933 | I43: =H43+7 -> 45940 | J43: =I43+7 -> 45947 | K43: =J43+7 -> 45954 | L43: =K43+7 -> 45961 | M43: =L43+7 -> 45968 | ... AT43: =AS43+7 -> 46199
E45: S1 | F45: S2 | G45: S3 | H45: S4 | I45: S5 | J45: S6 | K45: V | L45: V | M45: S7 | N45: S8 | O45: S9 | P45: S10 | Q45: S11 | R45: S12 | S45: S13 | T45: V | U45: V | V45: S14 | W45: S15 | X45: S16 | Y45: S17 | Z45: S18 | AA45: S19 | AB45: S20 | AC45: V | AD45: V | AE45: S21 | AF45: S22 | AG45: S23 | AH45: S24 | AI45: S25 | AJ45: S26 | AK45: V | AL45: V | AM45: S27 | AN45: S28 | AO45: F | AP45: S29 | AQ45: S30 | AR45: S31 | AS45: S32 | AT45: S33
A46: 3è groupe | B46: 1 | C46: HAMICHE Maëlan | D46: U11 | E46: 1 | F46: 1 | G46: 1 | H46: 1 | I46: 1 | J46: 1 | M46: 1 | N46: 1 | O46: 1 | P46: 1 | Q46: 1 | R46: 1 | S46: 1 | V46: 1 | W46: 1 | X46: 0 | Y46: 1 | Z46: 1 | AA46: 1 | AB46: 1 | AE46: 1 | AF46: 1 | AU46: =SUM(I46:AT46) -> 17
B47: 2 | C47: MANAL Gabriel | D47: U11 | E47: 1 | F47: 1 | G47: 1 | H47: 1 | I47: 1 | J47: 1 | M47: 1 | N47: 0 | O47: 1 | P47: 1 | Q47: 1 | R47: 1 | S47: 1 | V47: 1 | W47: 1 | X47: 0 | Y47: 1 | Z47: 1 | AA47: 1 | AB47: 0 | AE47: 1 | AF47: 1 | AU47: =SUM(I47:AT47) -> 15
B48: 3 | C48: COURTEILLE Nahil | D48: U11 | E48: 1 | F48: 1 | G48: 1 | H48: 0 | I48: 1 | J48: 1 | M48: 0 | N48: 1 | O48: 1 | P48: 1 | Q48: 0 | R48: 1 | S48: 1 | V48: 1 | W48: 1 | X48: 1 | Y48: 1 | Z48: 1 | AA48: 1 | AB48: 1 | AE48: 1 | AF48: 0 | AU48: =SUM(I48:AT48) -> 15
B49: 4 | C49: COURTEILLE Ryan | D49: U11 | E49: 1 | F49: 1 | G49: 1 | H49: 0 | I49: 1 | J49: 1 | M49: 0 | N49: 1 | O49: 1 | P49: 1 | Q49: 1 | R49: 1 | S49: 1 | V49: 1 | W49: 1 | X49: 1 | Y49: 1 | Z49: 1 | AA49: 1 | AB49: 1 | AE49: 1 | AF49: 0 | AU49: =SUM(I49:AT49) -> 16
B50: 5 | C50: ZORGATI Adam | D50: U11 | E50: 1 | F50: 1 | G50: 1 | H50: 1 | I50: 1 | J50: 1 | M50: 1 | N50: 1 | O50: 1 | P50: 1 | Q50: 1 | R50: 1 | S50: 1 | V50: 1 | W50: 1 | X50: 1 | Y50: 1 | Z50: 1 | AA50: 1 | AB50: 1 | AE50: 1 | AF50: 1 | AU50: =SUM(I50:AT50) -> 18
B51: 6 | C51: MESTRALLET Téo | D51: U12 | E51: 0 | F51: 0 | G51: 0 | H51: 1 | I51: 1 | J51: 1 | M51: 1 | N51: 1 | O51: 1 | P51: 1 | Q51: 1 | R51: 1 | S51: 0 | V51: 1 | W51: 0 | X51: 0 | Y51: 1 | Z51: 0 | AA51: 0 | AB51: 0 | AE51: 1 | AF51: 0 | AU51: =SUM(I51:AT51) -> 11
B52: 7 | C52: BERNADETTE Loïc | D52: U12 | E52: 1 | F52: 1 | G52: 0 | H52: 0 | I52: 0 | J52: 0 | M52: 1 | N52: 0 | O52: 1 | P52: 0 | Q52: 1 | R52: 1 | S52: 1 | V52: 0 | W52: 1 | X52: 1 | Y52: 0 | Z52: 0 | AA52: 1 | AB52: 0 | AE52: 1 | AF52: 1 | AU52: =SUM(I52:AT52) -> 10
B53: 8 | C53: STIER Arthur | D53: U12 | E53: 1 | F53: 1 | G53: 1 | H53: 1 | I53: 1 | J53: 1 | M53: 0 | N53: 1 | O53: 1 | P53: 1 | Q53: 1 | R53: 1 | S53: 1 | V53: 1 | W53: 1 | X53: 1 | Y53: 1 | Z53: 1 | AA53: 1 | AB53: 1 | AE53: 1 | AF53: 1 | AU53: =SUM(I53:AT53) -> 17
B54: 9 | C54: PEREZ DÜRR Lukas | D54: U12 | E54: 1 | F54: 1 | G54: 1 | H54: 1 | I54: 1 | J54: 1 | M54: 0 | N54: 1 | O54: 1 | P54: 1 | Q54: 1 | R54: 1 | S54: 1 | V54: 1 | W54: 1 | X54: 1 | Y54: 1 | Z54: 1 | AA54: 0 | AB54: 1 | AE54: 1 | AF54: 1 | AU54: =SUM(I54:AT54) -> 16
B55: 10 | C55: SELLAOUTI Ahmed | D55: U12 | E55: 1 | F55: 1 | G55: 1 | H55: 1 | I55: 1 | J55: 1 | M55: 1 | N55: 1 | O55: 1 | P55: 1 | Q55: 1 | R55: 1 | S55: 1 | V55: 1 | W55: 0 | X55: 1 | Y55: 1 | Z55: 1 | AA55: 1 | AB55: 1 | AE55: 1 | AF55: 0 | AU55: =SUM(I55:AT55) -> 16
B56: 11 | C56: BOU ISSAC Marc | D56: U12 | E56: 0 | F56: 0 | G56: 0 | H56: 0 | I56: 1 | J56: 1 | M56: 1 | N56: 1 | O56: 0 | P56: 0 | Q56: 0 | R56: 0 | S56: 0 | V56: 1 | W56: 1 | X56: 1 | Y56: 0 | Z56: 0 | AA56: 0 | AB56: 0 | AE56: 0 | AF56: 0 | AU56: =SUM(I56:AT56) -> 7
B57: 12 | C57: VAZQUEZ Aaron | D57: U12 | E57: 0 | F57: 1 | G57: 1 | H57: 1 | I57: 1 | J57: 0 | M57: 0 | N57: 1 | O57: 1 | P57: 1 | Q57: 1 | R57: 1 | S57: 1 | V57: 1 | W57: 1 | X57: 1 | Y57: 1 | Z57: 1 | AA57: 1 | AB57: 1 | AE57: 1 | AF57: 1 | AU57: =SUM(I57:AT57) -> 16
B58: 13 | C58: SEMPE Ilyan | D58: U12 | E58: 1 | F58: 1 | G58: 1 | H58: 0 | I58: 1 | J58: 1 | M58: 1 | N58: 1 | O58: 1 | P58: 1 | Q58: 1 | R58: 1 | S58: 1 | V58: 1 | W58: 0 | X58: 1 | Y58: 1 | Z58: 1 | AA58: 0 | AB58: 1 | AE58: 1 | AF58: 1 | AU58: =SUM(I58:AT58) -> 16
... B62: 17 | C62: RAOUX Maélan | D62: U10 | E62: 0 | F62: 0 | G62: 0 | H62: 0 | I62: 0 | J62: 0 | M62: 0 | N62: 1 | O62: 0 | P62: 0 | Q62: 1 | R62: 1 | S62: 1 | V62: 0 | W62: 1 | X62: 1 | Y62: 1 | Z62: 1 | AA62: 1 | AB62: 1 | AE62: 1 | AF62: 1 | AU62: =SUM(I62:AT62) -> 12
B63: 17 | C63: TOTAL G3 | E63: =COUNTIF(E46:E62,"1") -> 10 | F63: =COUNTIF(F46:F62,"1") -> 13 | G63: =COUNTIF(G46:G62,"1") -> 13 | H63: =COUNTIF(H46:H62,"1") -> 11 | I63: =COUNTIF(I46:I62,"1") -> 15 | J63: =COUNTIF(J46:J62,"1") -> 12 | K63: =COUNTIF(K46:K62,"1") -> 0 | L63: =COUNTIF(L46:L62,"1") -> 0 | ... AT63: =COUNTIF(AT46:AT62,"1") -> 0 | AU63: =SUM(AU46:AU61) -> 238
C65: =SUM(B23+B42+B63) -> 48 | E65: =SUM(E63+E42+E23) -> 29 | F65: =SUM(F63+F42+F23) -> 36 | G65: =SUM(G63+G42+G23) -> 33 | H65: =SUM(H63+H42+H23) -> 31 | I65: =SUM(I63+I42+I23) -> 36 | J65: =SUM(J63+J42+J23) -> 33 | K65: =SUM(K63+K42+K23) -> 0 | L65: =SUM(L63+L42+L23) -> 0 | ... AS65: =SUM(AS63+AS42+AS23) -> 0

Sheet SAMEDI 9h30 Présence
C1: SAMEDI 09H30
E4: 45913 | F4: =E4+7 -> 45920 | G4: =F4+7 -> 45927 | H4: =G4+7 -> 45934 | I4: =H4+7 -> 45941 | J4: =I4+7 -> 45948 | K4: =J4+7 -> 45955 | L4: =K4+7 -> 45962 | M4: =L4+7 -> 45969 | ... AT4: =AS4+7 -> 46200
C5: ='BABY Présence'!C4 -> MAJ LISTE 11/03 : 12h15
A6: 1er groupe | C6: TOTAL INSCRIPTION EDF : | D6: ='BABY Présence'!D5 -> 321 | E6: S1 | F6: S2 | G6: S3 | H6: S4 | I6: S5 | J6: S6 | K6: V | L6: V | M6: S7 | N6: S8 | O6: S9 | P6: S10 | Q6: S11 | R6: S12 | S6: S13 | T6: V | U6: V | V6: S14 | W6: S15 | X6: S16 | Y6: S17 | Z6: S18 | AA6: S19 | AB6: S20 | AC6: V | AD6: V | AE6: S21 | AF6: S22 | AG6: S23 | AH6: S24 | AI6: S25 | AJ6: S26 | AK6: V | AL6: V | AM6: S27 | AN6: S28 | AO6: F | AP6: S29 | AQ6: S30 | AR6: S31 | AS6: S32 | AT6: S33 | AU6: =SUM(I6:AT6) -> 0
B7: 1 | C7: ABOU LEYLA Ilyes | D7: U6 | E7: 1 | F7: 1 | G7: 1 | H7: 1 | I7: 0 | M7: 1 | N7: 1 | O7: 0 | P7: 0 | Q7: 1 | R7: 1 | V7: 1 | W7: 1 | X7: 1 | Y7: 1 | Z7: 1 | AA7: 1 | AB7: 0 | AD7: 1 | AE7: 0 | AF7: 1 | AG7: 0 | AU7: =SUM(I7:AT7) -> 12
B8: 2 | C8: CALSAT Raphaël | D8: U6 | E8: 1 | F8: 1 | G8: 1 | H8: 1 | I8: 0 | M8: 1 | N8: 1 | O8: 1 | P8: 0 | Q8: 1 | R8: 1 | V8: 1 | W8: 1 | X8: 1 | Y8: 1 | Z8: 1 | AA8: 1 | AB8: 0 | AD8: 1 | AE8: 1 | AF8: 1 | AU8: =SUM(I8:AT8) -> 14
B9: 3 | C9: FONTAINE Erez | D9: U6 | E9: 1 | F9: 1 | G9: 1 | H9: 0 | I9: 1 | M9: 0 | N9: 0 | O9: 1 | P9: 1 | Q9: 1 | R9: 1 | V9: 1 | W9: 0 | X9: 1 | Y9: 0 | Z9: 1 | AA9: 1 | AB9: 1 | AD9: 1 | AE9: 1 | AF9: 0 | AU9: =SUM(I9:AT9) -> 12
B10: 4 | C10: ANDRE Salomon | D10: U6 | E10: 1 | F10: 1 | G10: 1 | H10: 1 | I10: 0 | M10: 1 | N10: 1 | O10: 1 | P10: 1 | Q10: 1 | R10: 1 | V10: 1 | W10: 1 | X10: 1 | Y10: 1 | Z10: 1 | AA10: 0 | AB10: 0 | AD10: 1 | AE10: 1 | AF10: 0 | AU10: =SUM(I10:AT10) -> 13
B11: 5 | C11: DHAKAR Zayd | D11: U6 | E11: 1 | F11: 1 | G11: 1 | H11: 1 | I11: 1 | M11: 1 | N11: 1 | O11: 1 | P11: 1 | Q11: 1 | R11: 0 | V11: 0 | W11: 1 | X11: 1 | Y11: 1 | Z11: 1 | AA11: 1 | AB11: 1 | AD11: 0 | AE11: 1 | AF11: 1 | AU11: =SUM(I11:AT11) -> 14
B12: 6 | C12: GUENNECPINTOR Isaac | D12: U6 | E12: 1 | F12: 1 | G12: 1 | H12: 0 | I12: 1 | M12: 1 | N12: 1 | O12: 0 | P12: 1 | Q12: 0 | R12: 1 | V12: 1 | W12: 1 | X12: 1 | Y12: 1 | Z12: 1 | AA12: 1 | AB12: 1 | AD12: 1 | AE12: 1 | AF12: 1 | AU12: =SUM(I12:AT12) -> 15
B13: 7 | C13: MHIRA Yassir | D13: U6 | E13: 1 | F13: 1 | G13: 0 | H13: 1 | I13: 1 | M13: 1 | N13: 1 | O13: 0 | P13: 1 | Q13: 1 | R13: 0 | V13: 0 | W13: 1 | X13: 1 | Y13: 1 | Z13: 1 | AA13: 1 | AB13: 1 | AD13: 1 | AE13: 1 | AF13: 1 | AU13: =SUM(I13:AT13) -> 14
B14: 8 | C14: MARTIN Lonni | D14: U6 | E14: 1 | F14: 0 | G14: 1 | H14: 0 | I14: 1 | M14: 1 | N14: 1 | O14: 1 | P14: 1 | Q14: 1 | R14: 1 | V14: 1 | W14: 1 | X14: 1 | Y14: 1 | Z14: 0 | AA14: 1 | AB14: 1 | AD14: 1 | AE14: 1 | AF14: 0 | AU14: =SUM(I14:AT14) -> 15
B15: 9 | C15: BEN MAHMOUD Aylan | D15: U6 | E15: 0 | F15: 1 | G15: 0 | H15: 0 | I15: 1 | M15: 1 | N15: 1 | O15: 1 | P15: 0 | Q15: 0 | R15: 0 | V15: 1 | W15: 1 | X15: 1 | Y15: 0 | Z15: 1 | AA15: 1 | AB15: 1 | AD15: 1 | AE15: 0 | AF15: 1 | AU15: =SUM(I15:AT15) -> 12
B16: 10 | C16: FONTAINE Aaron | D16: U7 | E16: 1 | F16: 1 | G16: 1 | H16: 1 | I16: 1 | M16: 1 | N16: 1 | O16: 1 | W16: 1 | X16: 1 | Y16: 1 | Z16: 0 | AA16: 1 | AB16: 1 | AE16: 1 | AF16: 0 | AU16: =SUM(I16:AT16) -> 10
B17: 11 | C17: FONTAINE Erwan | D17: U7 | E17: 1 | F17: 0 | G17: 1 | H17: 1 | I17: 1 | M17: 1 | N17: 1 | O17: 1 | W17: 0 | X17: 1 | Y17: 1 | Z17: 0 | AA17: 1 | AB17: 1 | AE17: 1 | AF17: 1 | AU17: =SUM(I17:AT17) -> 10
B18: 12 | C18: VIALETTE Eden | D18: U7 | E18: 1 | F18: 1 | G18: 1 | H18: 1 | I18: 1 | M18: 0 | O18: 1 | W18: 0 | X18: 1 | Y18: 0 | Z18: 1 | AA18: 0 | AB18: 0 | AE18: 0 | AF18: 0 | AU18: =SUM(I18:AT18) -> 4
B19: 13 | C19: ANTIC MOREAU Jules | D19: U7 | E19: 1 | F19: 1 | G19: 1 | H19: 0 | I19: 1 | M19: 1 | N19: 1 | O19: 1 | W19: 1 | X19: 1 | Y19: 1 | Z19: 1 | AA19: 1 | AB19: 0 | AE19: 1 | AF19: 1 | AU19: =SUM(I19:AT19) -> 11
B20: 14 | C20: AHITOUR Younes | D20: U7 | E20: 1 | F20: 1 | G20: 1 | H20: 1 | I20: 1 | M20: 1 | N20: 1 | O20: 1 | W20: 1 | X20: 0 | Y20: 1 | Z20: 1 | AA20: 1 | AB20: 1 | AE20: 1 | AF20: 0 | AU20: =SUM(I20:AT20) -> 10
B21: 15 | C21: EL MOADDAM Amjad | D21: U7 | E21: 1 | F21: 1 | G21: 1 | H21: 1 | I21: 1 | M21: 1 | O21: 1 | W21: 1 | X21: 0 | Y21: 1 | Z21: 1 | AA21: 1 | AB21: 1 | AE21: 1 | AF21: 0 | AU21: =SUM(I21:AT21) -> 9
B22: 16 | C22: HAMMAMI Hedi | D22: U6 | E22: 0 | F22: 0 | G22: 0 | H22: 0 | I22: 0 | M22: 1 | N22: 1 | O22: 1 | W22: 0 | X22: 1 | Y22: 0 | Z22: 1 | AA22: 1 | AB22: 1 | AE22: 1 | AF22: 0 | AU22: =SUM(I22:AT22) -> 8
B23: 16 | C23: TOTAL G1 | E23: =COUNTIF(E7:E22,"1") -> 14 | F23: =COUNTIF(F7:F22,"1") -> 13 | G23: =COUNTIF(G7:G22,"1") -> 13 | H23: =COUNTIF(H7:H22,"1") -> 10 | I23: =COUNTIF(I7:I22,"1") -> 12 | J23: =COUNTIF(J7:J22,"1") -> 0 | K23: =COUNTIF(K7:K22,"1") -> 0 | L23: =COUNTIF(L7:L22,"1") -> 0 | ... AT23: =COUNTIF(AT7:AT22,"1") -> 0 | AU23: =SUM(I23:AT23) -> 183
E24: 45913 | F24: =E24+7 -> 45920 | G24: =F24+7 -> 45927 | H24: =G24+7 -> 45934 | I24: =H24+7 -> 45941 | J24: =I24+7 -> 45948 | K24: =J24+7 -> 45955 | L24: =K24+7 -> 45962 | M24: =L24+7 -> 45969 | ... AT24: =AS24+7 -> 46200
E26: S1 | F26: S2 | G26: S3 | H26: S4 | I26: S5 | J26: S6 | K26: V | L26: V | M26: S7 | N26: S8 | O26: S9 | P26: S10 | Q26: S11 | R26: S12 | S26: S13 | T26: V | U26: V | V26: S14 | W26: S15 | X26: S16 | Y26: S17 | Z26: S18 | AA26: S19 | AB26: S20 | AC26: V | AD26: V | AE26: S21 | AF26: S22 | AG26: S23 | AH26: S24 | AI26: S25 | AJ26: S26 | AK26: V | AL26: V | AM26: S27 | AN26: S28 | AO26: F | AP26: S29 | AQ26: S30 | AR26: S31 | AS26: S32 | AT26: S33 | AU26: =SUM(I26:AT26) -> 0
A27: 2è groupe | B27: 1 | C27: SEFDAR Adam | D27: U7 | E27: 1 | F27: 1 | G27: 0 | H27: 0 | I27: 1 | J27: 1 | M27: 1 | N27: 1 | O27: 1 | P27: 1 | R27: 0 | S27: 1 | V27: 1 | W27: 1 | X27: 1 | Y27: 1 | Z27: 1 | AA27: 1 | AB27: 1 | AE27: 1 | AF27: 1 | AU27: =SUM(I27:AT27) -> 16
B28: 2 | C28: LEBORGNE Ayden | D28: U7 | E28: 1 | F28: 1 | G28: 1 | H28: 1 | I28: 1 | J28: 1 | M28: 1 | N28: 1 | O28: 1 | P28: 1 | R28: 1 | S28: 1 | V28: 1 | W28: 1 | X28: 0 | Y28: 1 | Z28: 0 | AA28: 1 | AB28: 1 | AE28: 1 | AF28: 0 | AU28: =SUM(I28:AT28) -> 14
B29: 3 | C29: DIVIEN Nathanaël | D29: U7 | E29: 1 | F29: 0 | G29: 1 | H29: 1 | I29: 1 | J29: 1 | M29: 1 | N29: 1 | O29: 0 | P29: 1 | R29: 1 | S29: 1 | V29: 1 | W29: 1 | X29: 0 | Y29: 1 | Z29: 1 | AA29: 1 | AB29: 1 | AE29: 1 | AF29: 0 | AU29: =SUM(I29:AT29) -> 14
B30: 4 | C30: CLAVEYROLAS Leeroy | D30: U7 | E30: 1 | F30: 1 | G30: 1 | H30: 1 | I30: 1 | J30: 1 | M30: 1 | N30: 1 | O30: 1 | P30: 1 | R30: 1 | S30: 1 | V30: 1 | W30: 1 | X30: 1 | Y30: 1 | Z30: 1 | AA30: 1 | AB30: 1 | AE30: 1 | AF30: 0 | AU30: =SUM(I30:AT30) -> 16
B31: 5 | C31: BOJOVIC Filip | D31: U7 | E31: 1 | F31: 0 | G31: 1 | H31: 1 | I31: 1 | J31: 1 | M31: 1 | N31: 1 | O31: 1 | P31: 1 | R31: 1 | S31: 0 | V31: 1 | W31: 1 | X31: 1 | Y31: 1 | Z31: 1 | AA31: 1 | AB31: 1 | AE31: 1 | AF31: 1 | AU31: =SUM(I31:AT31) -> 16
B32: 6 | C32: TALLAPRAGADE Riaan | D32: U7 | E32: 1 | F32: 1 | G32: 1 | H32: 0 | I32: 0 | J32: 0 | M32: 0 | N32: 1 | O32: 1 | P32: 1 | R32: 0 | S32: 1 | V32: 1 | W32: 0 | X32: 0 | Y32: 0 | Z32: 0 | AA32: 1 | AB32: 1 | AE32: 0 | AF32: 0 | AU32: =SUM(I32:AT32) -> 7
B33: 7 | C33: PEREIRA LELIEVRE Nino | D33: U7 | E33: 0 | F33: 0 | G33: 0 | H33: 0 | I33: 0 | J33: 1 | M33: 1 | N33: 1 | O33: 1 | P33: 1 | R33: 1 | S33: 1 | V33: 0 | W33: 1 | X33: 0 | Y33: 1 | Z33: 1 | AA33: 1 | AB33: 0 | AE33: 1 | AF33: 1 | AU33: =SUM(I33:AT33) -> 13
B34: 8 | C34: ALIAHMAD Karl | D34: U8 | E34: 1 | F34: 0 | G34: 1 | H34: 1 | I34: 1 | J34: 1 | M34: 1 | N34: 1 | O34: 1 | P34: 1 | R34: 1 | S34: 0 | V34: 1 | W34: 1 | X34: 0 | Y34: 0 | Z34: 1 | AA34: 1 | AB34: 1 | AE34: 0 | AF34: 1 | AU34: =SUM(I34:AT34) -> 13
B35: 9 | C35: CASENAVE Gabriel | D35: U8 | E35: 1 | F35: 0 | G35: 1 | H35: 1 | I35: 1 | J35: 1 | M35: 1 | N35: 1 | O35: 0 | P35: 1 | R35: 0 | S35: 1 | V35: 0 | W35: 1 | X35: 0 | Y35: 1 | Z35: 0 | AA35: 1 | AB35: 0 | AE35: 0 | AF35: 0 | AU35: =SUM(I35:AT35) -> 9
B36: 10 | C36: PARASCANDOLO Leonardo | D36: U8 | E36: 1 | F36: 1 | G36: 1 | H36: 1 | I36: 1 | J36: 1 | M36: 1 | N36: 1 | O36: 1 | P36: 1 | R36: 0 | S36: 1 | V36: 1 | W36: 1 | X36: 1 | Y36: 0 | Z36: 1 | AA36: 0 | AB36: 1 | AE36: 1 | AF36: 1 | AU36: =SUM(I36:AT36) -> 14
B37: 11 | C37: OUTASGA Adam | D37: U8 | E37: 0 | F37: 1 | G37: 1 | H37: 1 | I37: 1 | J37: 1 | M37: 1 | N37: 1 | O37: 1 | P37: 0 | R37: 1 | S37: 1 | V37: 1 | W37: 1 | X37: 0 | Y37: 0 | Z37: 0 | AA37: 1 | AB37: 1 | AE37: 1 | AF37: 0 | AU37: =SUM(I37:AT37) -> 12
B38: 12 | C38: LEMAITRE FOLIOT Corentin | D38: U8 | E38: 0 | F38: 0 | G38: 1 | H38: 1 | I38: 1 | J38: 1 | M38: 1 | N38: 1 | O38: 1 | P38: 1 | R38: 1 | S38: 1 | V38: 1 | W38: 1 | X38: 1 | Y38: 1 | Z38: 0 | AA38: 1 | AB38: 1 | AE38: 1 | AF38: 1 | AU38: =SUM(I38:AT38) -> 16
B39: 13 | C39: SYLLA Rachid | D39: U8 | E39: 0 | F39: 1 | G39: 1 | H39: 0 | I39: 1 | J39: 0 | M39: 0 | N39: 1 | O39: 1 | P39: 1 | R39: 1 | S39: 1 | V39: 1 | W39: 1 | X39: 0 | Y39: 1 | Z39: 1 | AA39: 1 | AB39: 1 | AE39: 0 | AF39: 1 | AU39: =SUM(I39:AT39) -> 13
... B41: 15 | C41: HAY Louka | D41: U8 | E41: 0 | F41: 0 | G41: 0 | H41: 0 | I41: 0 | J41: 0 | M41: 0 | N41: 0 | O41: 1 | P41: 1 | R41: 1 | S41: 1 | V41: 1 | W41: 1 | X41: 0 | Y41: 1 | Z41: 0 | AA41: 1 | AB41: 1 | AE41: 1 | AF41: 1 | AU41: =SUM(I41:AT41) -> 11
B42: 16 | C42: DUBOIS LAMBERTINI Gaspard | D42: U7 | E42: 0 | F42: 0 | G42: 0 | H42: 0 | I42: 0 | J42: 0 | M42: 0 | N42: 0 | O42: 0 | P42: 0 | R42: 0 | S42: 0 | V42: 0 | W42: 0 | X42: 0 | Y42: 0 | AA42: 1 | AB42: 1 | AE42: 1 | AU42: =SUM(I42:AT42) -> 3
B43: 16 | C43: TOTAL G2 | E43: =COUNTIF(E27:E42,"1") -> 9 | F43: =COUNTIF(F27:F42,"1") -> 8 | G43: =COUNTIF(G27:G42,"1") -> 12 | H43: =COUNTIF(H27:H42,"1") -> 10 | I43: =COUNTIF(I27:I42,"1") -> 12 | J43: =COUNTIF(J27:J42,"1") -> 11 | K43: =COUNTIF(K27:K42,"1") -> 0 | L43: =COUNTIF(L27:L42,"1") -> 0 | ... AT43: =COUNTIF(AT27:AT42,"1") -> 0 | AU43: =SUM(I43:AT43) -> 196
E44: 45913 | F44: =E44+7 -> 45920 | G44: =F44+7 -> 45927 | H44: =G44+7 -> 45934 | I44: =H44+7 -> 45941 | J44: =I44+7 -> 45948 | K44: =J44+7 -> 45955 | L44: =K44+7 -> 45962 | M44: =L44+7 -> 45969 | ... AT44: =AS44+7 -> 46200
E46: S1 | F46: S2 | G46: S3 | H46: S4 | I46: S5 | J46: S6 | K46: V | L46: V | M46: S7 | N46: S8 | O46: S9 | P46: S10 | Q46: S11 | R46: S12 | S46: S13 | T46: V | U46: V | V46: S14 | W46: S15 | X46: S16 | Y46: S17 | Z46: S18 | AA46: S19 | AB46: S20 | AC46: V | AD46: V | AE46: S21 | AF46: S22 | AG46: S23 | AH46: S24 | AI46: S25 | AJ46: S26 | AK46: V | AL46: V | AM46: S27 | AN46: S28 | AO46: F | AP46: S29 | AQ46: S30 | AR46: S31 | AS46: S32 | AT46: S33 | AU46: =SUM(I46:AT46) -> 0
A47: 3è groupe | B47: 1 | C47: GARCIA Sara | D47: U8 | E47: 1 | F47: 1 | G47: 1 | H47: 1 | I47: 1 | J47: 0 | M47: 1 | N47: 1 | O47: 1 | P47: 0 | R47: 1 | S47: 1 | W47: 1 | X47: 1 | Y47: 1 | Z47: 1 | AA47: 1 | AB47: 1 | AE47: 1 | AF47: 1 | AG47: 1 | AU47: =SUM(I47:AT47) -> 15
B48: 2 | C48: D'HONT LECOMTE Yannik | D48: U8 | E48: 1 | F48: 1 | G48: 1 | H48: 1 | I48: 1 | J48: 1 | M48: 1 | N48: 0 | O48: 1 | P48: 1 | R48: 1 | S48: 1 | W48: 1 | X48: 1 | Y48: 1 | Z48: 1 | AA48: 0 | AB48: 1 | AE48: 1 | AF48: 1 | AG48: 1 | AU48: =SUM(I48:AT48) -> 15
B49: 3 | C49: ROUSEVELT Louis | D49: U8 | E49: 1 | F49: 1 | G49: 0 | H49: 1 | I49: 0 | J49: 0 | M49: 1 | N49: 1 | O49: 0 | P49: 1 | R49: 0 | S49: 0 | W49: 0 | X49: 0 | Y49: 0 | Z49: 0 | AA49: 0 | AB49: 0 | AE49: 0 | AF49: 0 | AG49: 0 | AU49: =SUM(I49:AT49) -> 3
B50: 4 | C50: LANDES David | D50: U9 | E50: 1 | F50: 1 | G50: 1 | H50: 1 | I50: 1 | J50: A | M50: 0 | N50: 1 | O50: 1 | P50: 1 | R50: 1 | S50: 1 | W50: 1 | X50: 1 | Y50: 1 | Z50: 1 | AA50: 1 | AB50: 1 | AE50: 1 | AF50: 1 | AG50: 1 | AU50: =SUM(I50:AT50) -> 15
B51: 5 | C51: LANDES Nathan | D51: U9 | E51: 1 | F51: 1 | G51: 1 | H51: 1 | I51: 1 | J51: A | M51: 1 | N51: 1 | O51: 1 | P51: 1 | R51: 1 | S51: 1 | W51: 1 | X51: 1 | Y51: 1 | Z51: 1 | AA51: 1 | AB51: 1 | AE51: 1 | AF51: 1 | AG51: 1 | AU51: =SUM(I51:AT51) -> 16
B52: 6 | C52: GILAVERT Arthur | D52: U9 | E52: 1 | F52: 1 | G52: 1 | H52: 1 | I52: 1 | J52: 1 | M52: 1 | N52: 0 | O52: 1 | P52: 1 | R52: 1 | S52: 0 | W52: 0 | X52: 1 | Y52: 1 | Z52: 1 | AA52: 1 | AB52: 1 | AE52: 0 | AF52: 1 | AG52: 0 | AU52: =SUM(I52:AT52) -> 12
B53: 7 | C53: UMAIR Yousaf | D53: U9 | E53: 1 | F53: 1 | G53: 1 | H53: 1 | I53: 1 | J53: 1 | M53: 1 | N53: 1 | O53: 1 | P53: 1 | R53: 1 | S53: 1 | W53: 0 | X53: 1 | Y53: 1 | Z53: 1 | AA53: 1 | AB53: 1 | AE53: 1 | AF53: 1 | AG53: 1 | AU53: =SUM(I53:AT53) -> 16
B54: 8 | C54: LAGSSAIR Zakaria | D54: U9 | E54: 1 | F54: 1 | G54: 1 | H54: 1 | I54: 0 | J54: 1 | M54: 1 | N54: 1 | O54: 0 | P54: 1 | R54: 1 | S54: 1 | W54: 1 | X54: 1 | Y54: 1 | Z54: 1 | AA54: 1 | AB54: 1 | AE54: 1 | AF54: 1 | AG54: 1 | AU54: =SUM(I54:AT54) -> 15
B55: 9 | C55: FERNANDES DOS REIS Luan | D55: U9 | E55: 1 | F55: 1 | G55: 1 | H55: 1 | I55: 1 | J55: 1 | M55: 1 | N55: 1 | O55: 1 | P55: 1 | R55: 1 | S55: 1 | W55: 1 | X55: 1 | Y55: 1 | Z55: 1 | AA55: 1 | AB55: 1 | AE55: 1 | AF55: 1 | AG55: 1 | AU55: =SUM(I55:AT55) -> 17
B56: 10 | C56: DABBAJI Ayoub | D56: U9 | E56: 1 | F56: 1 | G56: 1 | H56: 1 | I56: 1 | J56: 1 | M56: 1 | N56: 1 | O56: 1 | P56: 1 | R56: 1 | S56: 0 | W56: 1 | X56: 0 | Y56: 1 | Z56: 1 | AA56: 1 | AB56: 0 | AE56: 1 | AF56: 0 | AG56: 1 | AU56: =SUM(I56:AT56) -> 13
B57: 11 | C57: PUJOL Timéo | D57: U9 | E57: 1 | F57: 0 | G57: 0 | H57: 1 | I57: 0 | J57: 0 | M57: 0 | N57: 0 | O57: 0 | P57: 1 | R57: 0 | S57: 0 | W57: 0 | X57: 1 | Y57: 0 | Z57: 0 | AA57: 1 | AB57: 0 | AE57: 0 | AF57: 0 | AG57: 0 | AU57: =SUM(I57:AT57) -> 3
B58: 12 | C58: MIVEKANNIN Hugo | D58: U9 | E58: 0 | F58: 0 | G58: 1 | H58: 1 | I58: 1 | J58: 0 | M58: 1 | N58: 1 | O58: 0 | P58: 1 | R58: 1 | S58: 1 | W58: 1 | X58: 1 | Y58: 0 | Z58: 1 | AA58: 1 | AB58: 1 | AE58: 0 | AF58: 0 | AG58: 0 | AU58: =SUM(I58:AT58) -> 11
B59: 13 | C59: GUERLAIS Clément | D59: U8 | E59: 1 | F59: 1 | G59: 1 | H59: 1 | I59: 1 | J59: 1 | M59: 1 | N59: 1 | O59: 1 | P59: 1 | R59: 0 | S59: 1 | V59: 1 | W59: 1 | X59: 1 | Y59: 1 | Z59: 1 | AA59: 0 | AB59: 1 | AE59: 1 | AF59: 1 | AG59: 1 | AU59: =SUM(I59:AT59) -> 16
B60: 14 | C60: Emilio 14h (changement créneau ?) | D60: U9 | H60: 1 | I60: 1 | J60: 1 | M60: 0 | N60: 1 | O60: 1 | P60: 0 | R60: 1 | S60: 0 | W60: 1 | X60: 1 | Y60: 1 | Z60: 1 | AA60: 0 | AB60: 1 | AE60: 1 | AF60: 1 | AG60: 1 | AU60: =SUM(I60:AT60) -> 13
B61: 15 | C61: Léo 14h (changement créneau ?) | D61: U7 | X61: 1 | Y61: 0 | Z61: 1 | AA61: 0 | AB61: 0 | AE61: 1 | AF61: 1 | AG61: 1 | AU61: =SUM(I61:AT61) -> 5
B62: 16 | AU62: =SUM(I62:AT62) -> 0
B63: 13 | C63: TOTAL G3 | E63: =COUNTIF(E47:E62,"1") -> 12 | F63: =COUNTIF(F47:F62,"1") -> 11 | G63: =COUNTIF(G47:G62,"1") -> 11 | H63: =COUNTIF(H47:H62,"1") -> 14 | I63: =COUNTIF(I47:I62,"1") -> 11 | J63: =COUNTIF(J47:J62,"1") -> 8 | K63: =COUNTIF(K47:K62,"1") -> 0 | L63: =COUNTIF(L47:L62,"1") -> 0 | ... AT63: =COUNTIF(AT47:AT62,"1") -> 0 | AU63: =SUM(I63:AT63) -> 185
E64: 45913 | F64: =E64+7 -> 45920 | G64: =F64+7 -> 45927 | H64: =G64+7 -> 45934 | I64: =H64+7 -> 45941 | J64: =I64+7 -> 45948 | K64: =J64+7 -> 45955 | L64: =K64+7 -> 45962 | M64: =L64+7 -> 45969 | ... AT64: =AS64+7 -> 46200
E66: S1 | F66: S2 | G66: S3 | H66: S4 | I66: S5 | J66: S6 | K66: V | L66: V | M66: S7 | N66: S8 | O66: S9 | P66: S10 | Q66: S11 | R66: S12 | S66: S13 | T66: V | U66: V | V66: S14 | W66: S15 | X66: S16 | Y66: S17 | Z66: S18 | AA66: S19 | AB66: S20 | AC66: V | AD66: V | AE66: S21 | AF66: S22 | AG66: S23 | AH66: S24 | AI66: S25 | AJ66: S26 | AK66: V | AL66: V | AM66: S27 | AN66: S28 | AO66: F | AP66: S29 | AQ66: S30 | AR66: S31 | AS66: S32 | AT66: S33 | AU66: =SUM(I66:AT66) -> 0
A67: 4è groupe | B67: 1 | C67: DRISSI Ilyan | D67: U6 | E67: 0 | F67: 0 | G67: 0 | H67: 0 | I67: 0 | J67: 0 | M67: 0 | N67: 0 | O67: 0 | P67: 0 | Q67: 0 | R67: 0 | S67: 0 | V67: 0 | W67: 0 | X67: 0 | AU67: =SUM(I67:AT67) -> 0
B68: 2 | AU68: =SUM(I68:AT68) -> 0
B69: 3 | AU69: =SUM(I69:AT69) -> 0
B70: 4 | AU70: =SUM(I70:AT70) -> 0
B71: 5 | AU71: =SUM(I71:AT71) -> 0
B72: 6 | AU72: =SUM(I72:AT72) -> 0
B73: 7 | AU73: =SUM(I73:AT73) -> 0
B74: 8 | AU74: =SUM(I74:AT74) -> 0
B75: 9 | AU75: =SUM(I75:AT75) -> 0
B76: 10 | AU76: =SUM(I76:AT76) -> 0
B77: 11 | AU77: =SUM(I77:AT77) -> 0
B78: 12 | AU78: =SUM(I78:AT78) -> 0
B79: 13 | AU79: =SUM(I79:AT79) -> 0
... B82: 16 | AU82: =SUM(I82:AT82) -> 0
B83: 1 | C83: TOTAL G4 | E83: =COUNTIF(E67:E82,"1") -> 0 | F83: =COUNTIF(F67:F82,"1") -> 0 | G83: =COUNTIF(G67:G82,"1") -> 0 | H83: =COUNTIF(H67:H82,"1") -> 0 | I83: =COUNTIF(I67:I82,"1") -> 0 | J83: =COUNTIF(J67:J82,"1") -> 0 | K83: =COUNTIF(K67:K82,"1") -> 0 | L83: =COUNTIF(L67:L82,"1") -> 0 | ... AT83: =COUNTIF(AT67:AT82,"1") -> 0 | AU83: =SUM(I83:AT83) -> 0
C85: =SUM(B23+B43+B63+B83) -> 46

Sheet SAMEDI 11h15 Présence
C1: SAMEDI 11H15
E4: 45913 | F4: =E4+7 -> 45920 | G4: =F4+7 -> 45927 | H4: =G4+7 -> 45934 | I4: =H4+7 -> 45941 | J4: =I4+7 -> 45948 | K4: =J4+7 -> 45955 | L4: =K4+7 -> 45962 | M4: =L4+7 -> 45969 | ... AT4: =AS4+7 -> 46200
C5: ='BABY Présence'!C4 -> MAJ LISTE 11/03 : 12h15
A6: 1er groupe | C6: TOTAL INSCRIPTION EDF : | D6: ='BABY Présence'!D5 -> 321 | E6: S1 | F6: S2 | G6: S3 | H6: S4 | I6: S5 | J6: S6 | K6: V | L6: V | M6: S7 | N6: S8 | O6: S9 | P6: S10 | Q6: S11 | R6: S12 | S6: S13 | T6: V | U6: V | V6: S14 | W6: S15 | X6: S16 | Y6: S17 | Z6: S18 | AA6: S19 | AB6: S20 | AC6: V | AD6: V | AE6: S21 | AF6: S22 | AG6: S23 | AH6: S24 | AI6: S25 | AJ6: S26 | AK6: V | AL6: V | AM6: S27 | AN6: S28 | AO6: F | AP6: S29 | AQ6: S30 | AR6: S31 | AS6: S32 | AT6: S33 | AU6: =SUM(I6:AT6) -> 0
B7: 1 | C7: DOYHARCABAL Andoni | D7: U10 | E7: 0 | F7: 0 | G7: 1 | H7: 1 | I7: 1 | J7: 0 | M7: 0 | N7: 1 | O7: 1 | P7: 0 | Q7: 1 | R7: 1 | S7: 1 | V7: 1 | W7: 1 | X7: 1 | Y7: 1 | Z7: 1 | AA7: 1 | AB7: 1 | AD7: 0 | AE7: 1 | AF7: 1 | AG7: 0 | AU7: =SUM(I7:AT7) -> 15
B8: 2 | C8: ABOU LEYLA Youssef | D8: U10 | E8: 1 | F8: 1 | G8: 0 | H8: 0 | I8: 1 | J8: 0 | M8: 1 | N8: 1 | O8: 1 | P8: 0 | Q8: 1 | R8: 1 | S8: 1 | V8: 1 | W8: 1 | X8: 1 | Y8: 1 | Z8: 1 | AA8: 1 | AB8: 0 | AD8: 0 | AE8: 0 | AF8: 1 | AU8: =SUM(I8:AT8) -> 14
B9: 3 | C9: HAMZA Yanis | D9: U10 | E9: 1 | F9: 1 | G9: 1 | H9: 1 | I9: 1 | J9: 1 | M9: 1 | N9: 1 | O9: 1 | P9: 1 | Q9: 1 | R9: 1 | S9: 1 | V9: 0 | W9: 1 | X9: 1 | Y9: 1 | Z9: 1 | AA9: 1 | AB9: 1 | AD9: 1 | AE9: 1 | AF9: 1 | AU9: =SUM(I9:AT9) -> 18
B10: 4 | C10: MEDALE Joaquim | D10: U10 | E10: 1 | F10: 1 | G10: 1 | H10: 1 | I10: 1 | J10: 1 | M10: 1 | N10: 0 | O10: 1 | P10: 1 | Q10: 1 | R10: 0 | S10: 1 | V10: 1 | W10: 1 | X10: 1 | Y10: 1 | Z10: 0 | AA10: 1 | AB10: 1 | AD10: 1 | AE10: 1 | AF10: 1 | AU10: =SUM(I10:AT10) -> 16
B11: 5 | C11: AFCHARD MONTAIGNE Victor | D11: U10 | E11: 1 | F11: 1 | G11: 1 | H11: 1 | I11: 1 | J11: 1 | M11: 1 | N11: 1 | O11: 1 | P11: 1 | Q11: 1 | R11: 0 | S11: 1 | V11: 1 | W11: 1 | X11: 1 | Y11: 1 | Z11: 1 | AA11: 1 | AB11: 0 | AD11: 0 | AE11: 1 | AF11: 1 | AU11: =SUM(I11:AT11) -> 16
B12: 6 | C12: DZIEDZIC Théo | D12: U10 | E12: 1 | F12: 1 | G12: 1 | H12: 1 | I12: 1 | J12: 1 | M12: 1 | N12: 1 | O12: 0 | P12: 1 | Q12: 0 | R12: 1 | S12: 1 | V12: 1 | W12: 1 | X12: 1 | Y12: 1 | Z12: 1 | AA12: 1 | AB12: 1 | AD12: 0 | AE12: 1 | AF12: 1 | AU12: =SUM(I12:AT12) -> 16
B13: 7 | C13: CAMY Simon | D13: U10 | E13: 1 | F13: 1 | G13: 1 | H13: 0 | I13: 1 | J13: 1 | M13: 0 | N13: 1 | O13: 0 | P13: 1 | Q13: 1 | R13: 0 | S13: 1 | V13: 1 | W13: 0 | X13: 1 | Y13: 1 | Z13: 1 | AA13: 1 | AB13: 1 | AD13: 0 | AE13: 0 | AF13: 1 | AU13: =SUM(I13:AT13) -> 13
B14: 8 | C14: RENJITH Ritwik | D14: U10 | E14: 1 | F14: 1 | G14: 1 | H14: 1 | I14: 1 | J14: 1 | M14: 1 | N14: 1 | O14: 1 | P14: 1 | Q14: 1 | R14: 0 | S14: 1 | V14: 1 | W14: 0 | X14: 1 | Y14: 0 | Z14: 0 | AA14: 1 | AB14: 1 | AD14: 1 | AE14: 0 | AF14: 0 | AU14: =SUM(I14:AT14) -> 13
B15: 9 | C15: CALSAT Abel | D15: U10 | E15: 1 | F15: 1 | G15: 0 | H15: 1 | I15: 0 | J15: 1 | M15: 1 | N15: 1 | O15: 1 | P15: 1 | Q15: 1 | R15: 1 | S15: 1 | V15: 1 | W15: 1 | X15: 1 | Y15: 1 | Z15: 1 | AA15: 1 | AB15: 0 | AD15: 0 | AE15: 1 | AF15: 1 | AU15: =SUM(I15:AT15) -> 16
B16: 10 | C16: AHMED Khalil | D16: U10 | E16: 1 | F16: 1 | G16: 1 | H16: 1 | I16: 1 | J16: 0 | M16: 1 | N16: 1 | O16: 1 | P16: 1 | Q16: 1 | R16: 1 | S16: 1 | V16: 1 | W16: 1 | X16: 1 | Y16: 1 | Z16: 0 | AA16: 1 | AB16: 1 | AD16: 1 | AE16: 1 | AF16: 1 | AU16: =SUM(I16:AT16) -> 17
B17: 11 | C17: MECALIFF BERTRAND Martin | D17: U10 | E17: 0 | F17: 1 | G17: 1 | H17: 0 | I17: 1 | J17: 1 | M17: 0 | N17: 1 | O17: 1 | P17: 1 | Q17: 0 | R17: 1 | S17: 1 | V17: 1 | W17: 1 | X17: 1 | Y17: 0 | Z17: 0 | AA17: 1 | AB17: 1 | AD17: 1 | AE17: 1 | AF17: 1 | AU17: =SUM(I17:AT17) -> 15
B18: 12 | AU18: =SUM(I18:AT18) -> 0
B19: 13 | AU19: =SUM(I19:AT19) -> 0
B20: 14 | AU20: =SUM(I20:AT20) -> 0
B21: 15 | E21: 0 | F21: 1 | G21: 1 | H21: 1 | I21: 1 | M21: 1 | N21: 1 | O21: 1 | P21: 1 | Q21: 1 | R21: 1 | V21: 0 | W21: 1 | X21: 1 | Y21: 1 | Z21: 1 | AD21: 0 | AU21: =SUM(I21:AT21) -> 11
B22: 16 | E22: 1 | F22: 1 | G22: 1 | H22: 0 | I22: 1 | M22: 0 | N22: 1 | O22: 1 | P22: 1 | Q22: 1 | R22: 0 | V22: 1 | W22: 1 | X22: 1 | Y22: 0 | Z22: 1 | AD22: 0 | AU22: =SUM(I22:AT22) -> 9
B23: 11 | C23: TOTAL G1 | E23: 1 | F23: 1 | G23: 1 | H23: 1 | I23: 1 | J23: =COUNTIF(J7:J22,"1") -> 8 | K23: =COUNTIF(K7:K22,"1") -> 0 | L23: =COUNTIF(L7:L22,"1") -> 0 | M23: 1 | N23: 1 | O23: 0 | P23: 0 | Q23: 0 | R23: 1 | S23: =COUNTIF(S7:S22,"1") -> 11 | T23: =COUNTIF(T7:T22,"1") -> 0 | U23: =COUNTIF(U7:U22,"1") -> 0 | V23: 1 | W23: 1 | X23: 1 | Y23: 1 | Z23: 1 | AA23: =COUNTIF(AA7:AA22,"1") -> 11 | AB23: =COUNTIF(AB7:AB22,"1") -> 8 | AC23: =COUNTIF(AC7:AC22,"1") -> 0 | AD23: 1 | AE23: =COUNTIF(AE7:AE22,"1") -> 8 | AF23: =COUNTIF(AF7:AF22,"1") -> 10 | AG23: =COUNTIF(AG7:AG22,"1") -> 0 | AH23: =COUNTIF(AH7:AH22,"1") -> 0 | AI23: =COUNTIF(AI7:AI22,"1") -> 0 | AJ23: =COUNTIF(AJ7:AJ22,"1") -> 0 | AK23: =COUNTIF(AK7:AK22,"1") -> 0 | AL23: =COUNTIF(AL7:AL22,"1") -> 0 | ... AT23: =COUNTIF(AT7:AT22,"1") -> 0 | AU23: =SUM(I23:AT23) -> 66
E24: 1 | F24: 1 | G24: 1 | H24: 0 | I24: 1 | J24: =I24+7 -> 8 | K24: =J24+7 -> 15 | L24: =K24+7 -> 22 | M24: 0 | N24: 1 | O24: 1 | P24: 1 | Q24: 1 | R24: 1 | S24: =R24+7 -> 8 | T24: =S24+7 -> 15 | U24: =T24+7 -> 22 | V24: 1 | W24: 1 | X24: 1 | Y24: 1 | Z24: 1 | AA24: =Z24+7 -> 8 | AB24: =AA24+7 -> 15 | AC24: =AB24+7 -> 22 | AD24: 1 | AE24: =AD24+7 -> 8 | AF24: =AE24+7 -> 15 | AG24: =AF24+7 -> 22 | AH24: =AG24+7 -> 29 | AI24: =AH24+7 -> 36 | AJ24: =AI24+7 -> 43 | AK24: =AJ24+7 -> 50 | AL24: =AK24+7 -> 57 | ... AT24: =AS24+7 -> 113
E26: 0 | F26: 0 | G26: 1 | H26: 1 | I26: 1 | J26: S6 | K26: V | L26: V | M26: 1 | N26: 1 | O26: 1 | P26: 1 | Q26: 1 | R26: 1 | S26: S13 | T26: V | U26: V | V26: 1 | W26: 1 | X26: 1 | Y26: 0 | Z26: 1 | AA26: S19 | AB26: S20 | AC26: V | AD26: 1 | AE26: S21 | AF26: S22 | AG26: S23 | AH26: S24 | AI26: S25 | AJ26: S26 | AK26: V | AL26: V | AM26: S27 | AN26: S28 | AO26: F | AP26: S29 | AQ26: S30 | AR26: S31 | AS26: S32 | AT26: S33 | AU26: =SUM(I26:AT26) -> 12
A27: 2è groupe | B27: 1 | C27: DEVOS Adam | D27: U11 | E27: 1 | F27: 1 | G27: 1 | H27: 1 | I27: 1 | M27: 1 | N27: 1 | O27: 1 | P27: 0 | Q27: 1 | R27: 0 | V27: 1 | W27: 1 | X27: 1 | Y27: 1 | Z27: 0 | AA27: 1 | AB27: 0 | AD27: 1 | AE27: 1 | AF27: 1 | AU27: =SUM(I27:AT27) -> 13
B28: 2 | C28: RAMANANTSOA Nolan | D28: U11 | E28: 1 | F28: 1 | G28: 0 | H28: 1 | I28: 0 | M28: 1 | N28: 1 | O28: 1 | P28: 1 | Q28: 1 | R28: 1 | V28: 1 | W28: 1 | X28: 1 | Y28: 1 | Z28: 1 | AA28: 1 | AB28: 1 | AD28: 0 | AE28: 1 | AF28: 1 | AU28: =SUM(I28:AT28) -> 15
B29: 3 | C29: BLANCO Rayane | D29: U11 | E29: 1 | F29: 1 | G29: 0 | H29: 1 | I29: 1 | M29: 1 | N29: 0 | O29: 1 | P29: 1 | Q29: 1 | R29: 1 | V29: 1 | W29: 1 | X29: 1 | Y29: 1 | Z29: 1 | AA29: 0 | AB29: 1 | AD29: 1 | AE29: 1 | AF29: 1 | AU29: =SUM(I29:AT29) -> 15
B30: 4 | C30: CASTEL Emile | D30: U11 | E30: 1 | F30: 1 | G30: 1 | H30: 1 | I30: 0 | M30: 1 | N30: 1 | O30: 1 | P30: 0 | Q30: 1 | R30: 1 | V30: 1 | W30: 0 | X30: 1 | Y30: 1 | Z30: 0 | AA30: 1 | AB30: 0 | AD30: 1 | AE30: 0 | AF30: 0 | AU30: =SUM(I30:AT30) -> 10
B31: 5 | C31: LEPREUX Louis | D31: U12 | E31: 1 | F31: 1 | G31: 1 | H31: 1 | I31: 1 | M31: 0 | N31: 1 | O31: 1 | P31: 1 | Q31: 1 | R31: 1 | V31: 1 | W31: 1 | X31: 1 | Y31: 0 | Z31: 1 | AA31: 1 | AB31: 1 | AD31: 1 | AE31: 1 | AF31: 1 | AU31: =SUM(I31:AT31) -> 15
B32: 6 | C32: FAGOO DOREMUS Nolan | D32: U12 | E32: 1 | F32: 0 | G32: 1 | H32: 1 | I32: 1 | M32: 1 | N32: 1 | O32: 1 | P32: 1 | Q32: 0 | R32: 0 | V32: 1 | W32: 1 | X32: 1 | Y32: 1 | Z32: 1 | AA32: 1 | AB32: 0 | AD32: 1 | AE32: 1 | AF32: 1 | AU32: =SUM(I32:AT32) -> 14
B33: 7 | C33: ALBERT Kenan | D33: U12 | E33: 1 | F33: 1 | G33: 1 | H33: 0 | I33: 1 | M33: 1 | N33: 1 | O33: 1 | P33: 1 | Q33: 1 | R33: 1 | V33: 1 | W33: 1 | X33: 1 | Y33: 1 | Z33: 0 | AA33: 1 | AB33: 1 | AD33: 1 | AE33: 1 | AF33: 0 | AU33: =SUM(I33:AT33) -> 15
B34: 8 | C34: ABOU LEYA Adam | D34: U12 | E34: 1 | F34: 1 | G34: 1 | H34: 1 | I34: 1 | M34: 0 | N34: 1 | O34: 1 | P34: 1 | Q34: 1 | R34: 1 | V34: 0 | W34: 0 | X34: 0 | Y34: 0 | Z34: 1 | AA34: 1 | AB34: 0 | AD34: 1 | AE34: 0 | AF34: 1 | AU34: =SUM(I34:AT34) -> 10
B35: 9 | C35: GRANFILS Stanislas | D35: U12 | E35: 1 | F35: 1 | G35: 1 | H35: 1 | I35: 1 | M35: 1 | N35: 1 | O35: 0 | P35: 1 | Q35: 1 | R35: 1 | V35: 1 | W35: 1 | X35: 1 | Y35: 1 | Z35: 1 | AA35: 1 | AB35: 1 | AD35: 1 | AE35: 1 | AF35: 1 | AU35: =SUM(I35:AT35) -> 16
B36: 10 | C36: MAGOSSOU Melphy Antoine | D36: U12 | E36: 1 | F36: 1 | G36: 1 | H36: 1 | I36: 1 | M36: 1 | P36: 1 | W36: 1 | X36: 1 | Y36: 1 | Z36: 1 | AA36: 1 | AB36: 1 | AE36: 1 | AF36: 1 | AU36: =SUM(I36:AT36) -> 11
B37: 11 | C37: BERTHELOT Adel | D37: U12 | E37: 1 | F37: 1 | G37: 1 | H37: 1 | I37: 0 | M37: 1 | P37: 1 | W37: 1 | X37: 1 | Y37: 1 | Z37: 1 | AA37: 1 | AB37: 1 | AE37: 1 | AF37: 1 | AU37: =SUM(I37:AT37) -> 10
B38: 12 | C38: BREHAULT Camille | D38: U12 | E38: 1 | F38: 1 | G38: 1 | H38: 1 | I38: 1 | M38: 1 | P38: 1 | W38: 1 | X38: 1 | Y38: 1 | Z38: 1 | AA38: 1 | AB38: 1 | AE38: 1 | AF38: 1 | AU38: =SUM(I38:AT38) -> 11
B39: 13 | C39: DELCROIX Raphaël | D39: U13 | E39: 0 | F39: 1 | G39: 1 | H39: 1 | I39: 1 | M39: 1 | P39: 1 | W39: 1 | X39: 1 | Y39: 1 | Z39: 0 | AA39: 1 | AB39: 0 | AE39: 1 | AF39: 1 | AU39: =SUM(I39:AT39) -> 9
B40: 14 | C40: VACHON LAFFORGUE Matthieu | D40: U13 | E40: 0 | F40: 1 | G40: 1 | H40: 0 | I40: 1 | M40: 1 | P40: 1 | W40: 0 | X40: 0 | Y40: 0 | Z40: 0 | AA40: 0 | AB40: 0 | AE40: 0 | AF40: 0 | AU40: =SUM(I40:AT40) -> 3
B41: 15 | C41: MAXENCE | W41: 1 | X41: 1 | Y41: 0 | Z41: 1 | AA41: 1 | AB41: 1 | AE41: 1 | AF41: 0 | AU41: =SUM(I41:AT41) -> 6
B42: 16 | AU42: =SUM(I42:AT42) -> 0
B43: 14 | C43: TOTAL G2 | E43: =COUNTIF(E27:E42,"1") -> 12 | F43: =COUNTIF(F27:F42,"1") -> 13 | G43: =COUNTIF(G27:G42,"1") -> 12 | H43: =COUNTIF(H27:H42,"1") -> 12 | I43: =COUNTIF(I27:I42,"1") -> 11 | J43: =COUNTIF(J27:J42,"1") -> 0 | K43: =COUNTIF(K27:K42,"1") -> 0 | L43: =COUNTIF(L27:L42,"1") -> 0 | ... AT43: =COUNTIF(AT27:AT42,"1") -> 0 | AU43: =SUM(I43:AT43) -> 173
E44: 45913 | F44: =E44+7 -> 45920 | G44: =F44+7 -> 45927 | H44: =G44+7 -> 45934 | I44: =H44+7 -> 45941 | J44: =I44+7 -> 45948 | K44: =J44+7 -> 45955 | L44: =K44+7 -> 45962 | M44: =L44+7 -> 45969 | ... AT44: =AS44+7 -> 46200
E46: S1 | F46: S2 | G46: S3 | H46: S4 | I46: S5 | J46: S6 | K46: V | L46: V | M46: S7 | N46: S8 | O46: S9 | P46: S10 | Q46: S11 | R46: S12 | S46: S13 | T46: V | U46: V | V46: S14 | W46: S15 | X46: S16 | Y46: S17 | Z46: S18 | AA46: S19 | AB46: S20 | AC46: V | AD46: V | AE46: S21 | AF46: S22 | AG46: S23 | AH46: S24 | AI46: S25 | AJ46: S26 | AK46: V | AL46: V | AM46: S27 | AN46: S28 | AO46: F | AP46: S29 | AQ46: S30 | AR46: S31 | AS46: S32 | AT46: S33 | AU46: =SUM(I46:AT46) -> 0
A47: 3è groupe | B47: 1 | C47: DORNEVAL Sami, Keyann | D47: U13 | E47: 0 | F47: 1 | G47: 1 | H47: 1 | I47: 1 | J47: 1 | M47: 1 | N47: 0 | O47: 1 | P47: 0 | R47: 0 | S47: 1 | W47: 1 | X47: 0 | Y47: 0 | Z47: 0 | AA47: 0 | AB47: 0 | AE47: 0 | AF47: 0 | AU47: =SUM(I47:AT47) -> 6
B48: 2 | C48: ROBERT Rayan | D48: U14 | E48: 1 | F48: 1 | G48: 0 | H48: 0 | I48: 0 | J48: 1 | M48: 1 | N48: 0 | O48: 0 | P48: 0 | R48: 0 | S48: 0 | W48: 0 | X48: 0 | Y48: 0 | Z48: 1 | AA48: 0 | AB48: 0 | AE48: 0 | AF48: 0 | AU48: =SUM(I48:AT48) -> 3
B49: 3 | C49: VAINQUEUR PERITA Jayden | D49: U14 | E49: 1 | F49: 1 | G49: 1 | H49: 1 | I49: 1 | J49: 1 | M49: 1 | N49: 1 | O49: 1 | P49: 1 | R49: 0 | S49: 0 | W49: 1 | X49: 1 | Y49: 1 | Z49: 1 | AA49: 1 | AB49: 1 | AE49: 1 | AF49: 1 | AU49: =SUM(I49:AT49) -> 14
B50: 4 | C50: CEDON Gabriel | D50: U14 | E50: 1 | F50: 0 | G50: 1 | H50: 1 | I50: 1 | J50: 0 | M50: 1 | N50: 0 | O50: 0 | P50: 1 | R50: 1 | S50: 0 | W50: 1 | X50: 1 | Y50: 1 | Z50: 1 | AA50: 0 | AB50: 0 | AE50: 0 | AF50: 0 | AU50: =SUM(I50:AT50) -> 8
B51: 5 | C51: BIABIANY Soan | D51: U14 | E51: 1 | F51: 1 | G51: 1 | H51: 1 | I51: 1 | J51: 1 | M51: 1 | N51: 0 | O51: 0 | P51: 1 | R51: 1 | S51: 1 | W51: 1 | X51: 1 | Y51: 1 | Z51: 1 | AA51: 1 | AB51: 1 | AE51: 1 | AF51: 1 | AU51: =SUM(I51:AT51) -> 14
B52: 6 | C52: XILLO Luca | D52: U14 | E52: 0 | F52: 1 | G52: 1 | H52: 1 | I52: 1 | J52: 1 | M52: 1 | N52: 1 | O52: 1 | P52: 1 | R52: 1 | S52: 1 | W52: 1 | X52: 1 | Y52: 1 | Z52: 1 | AA52: 1 | AB52: 1 | AE52: 1 | AF52: 1 | AU52: =SUM(I52:AT52) -> 16
B53: 7 | C53: MAMRO Gustavo | D53: U14 | E53: 0 | F53: 1 | G53: 1 | H53: 0 | I53: 1 | J53: 0 | M53: 1 | N53: 1 | O53: 0 | P53: 1 | R53: 0 | S53: 0 | W53: 0 | X53: 1 | Y53: 1 | Z53: 1 | AA53: 1 | AB53: 1 | AE53: 0 | AF53: 1 | AU53: =SUM(I53:AT53) -> 10
B54: 8 | C54: SABATTIER Théo | D54: U15 | E54: 1 | F54: 0 | G54: 1 | H54: 1 | I54: 1 | J54: 0 | M54: 0 | N54: 0 | O54: 0 | P54: 1 | R54: 0 | S54: 0 | W54: 1 | X54: 0 | Y54: 0 | Z54: 1 | AA54: 1 | AB54: 0 | AE54: 0 | AF54: 1 | AU54: =SUM(I54:AT54) -> 6
B55: 9 | C55: NOTTOLI Oscar | D55: U15 | E55: 0 | F55: 1 | G55: 1 | H55: 1 | I55: 1 | J55: 0 | M55: 1 | N55: 1 | O55: 1 | P55: 1 | R55: 0 | S55: 1 | W55: 1 | X55: 1 | Y55: 1 | Z55: 1 | AA55: 1 | AB55: 0 | AE55: 1 | AF55: 1 | AU55: =SUM(I55:AT55) -> 13
B56: 10 | C56: CATIER Antoine | D56: U15 | E56: 1 | F56: 1 | G56: 1 | H56: 1 | I56: 1 | J56: 0 | M56: 1 | N56: 1 | O56: 0 | P56: 1 | R56: 1 | S56: 1 | W56: 1 | X56: 1 | Y56: 1 | Z56: 1 | AA56: 1 | AB56: 1 | AE56: 1 | AF56: 1 | AU56: =SUM(I56:AT56) -> 14
B57: 11 | C57: LATHIERE Raphaël | D57: U15 | E57: 1 | F57: 1 | G57: 1 | H57: 1 | I57: 1 | J57: 0 | M57: 1 | N57: 1 | O57: 1 | P57: 1 | R57: 1 | S57: 1 | W57: 0 | X57: 1 | Y57: 1 | Z57: 0 | AA57: 1 | AB57: 1 | AE57: 1 | AF57: 1 | AU57: =SUM(I57:AT57) -> 13
B58: 12 | C58: BEDES Hugo | D58: U15 | E58: 1 | F58: 1 | G58: 1 | H58: 1 | I58: 0 | J58: 1 | M58: 1 | N58: 1 | O58: 0 | P58: 1 | R58: 0 | S58: 0 | W58: 0 | X58: 0 | Y58: 0 | Z58: 0 | AA58: 0 | AB58: 0 | AE58: 0 | AF58: 0 | AU58: =SUM(I58:AT58) -> 4
B59: 13 | C59: PASTOR Paul Auguste | D59: U15 | E59: 1 | F59: 1 | G59: 0 | H59: 1 | I59: 1 | J59: 1 | M59: 1 | N59: 1 | O59: 1 | P59: 1 | R59: 1 | S59: 1 | W59: 1 | X59: 1 | Y59: 1 | Z59: 1 | AA59: 1 | AB59: 1 | AE59: 1 | AF59: 0 | AU59: =SUM(I59:AT59) -> 15
B60: 14 | C60: ROSSEL Elvis | D60: U15 | E60: 1 | F60: 1 | G60: 1 | H60: 1 | I60: 1 | J60: 1 | M60: 1 | N60: 1 | O60: 1 | P60: 1 | R60: 1 | S60: 0 | W60: 1 | X60: 1 | Y60: 0 | Z60: 1 | AA60: 0 | AB60: 1 | AE60: 1 | AF60: 1 | AU60: =SUM(I60:AT60) -> 13
B61: 15 | C61: MCCOMB LEGER Marley | D61: U14 | O61: 1 | P61: 0 | R61: 1 | S61: 1 | W61: 1 | X61: 1 | Y61: 1 | Z61: 1 | AA61: 0 | AB61: 1 | AE61: 0 | AF61: 1 | AU61: =SUM(I61:AT61) -> 9
B62: 16 | AU62: =SUM(I62:AT62) -> 0
B63: 15 | C63: TOTAL G3 | E63: =COUNTIF(E47:E62,"1") -> 10 | F63: =COUNTIF(F47:F62,"1") -> 12 | G63: =COUNTIF(G47:G62,"1") -> 12 | H63: =COUNTIF(H47:H62,"1") -> 12 | I63: =COUNTIF(I47:I62,"1") -> 12 | J63: =COUNTIF(J47:J62,"1") -> 8 | K63: =COUNTIF(K47:K62,"1") -> 0 | L63: =COUNTIF(L47:L62,"1") -> 0 | ... AT63: =COUNTIF(AT47:AT62,"1") -> 0 | AU63: =SUM(I63:AT63) -> 158
E64: 45913 | F64: =E64+7 -> 45920 | G64: =F64+7 -> 45927 | H64: =G64+7 -> 45934 | I64: =H64+7 -> 45941 | J64: =I64+7 -> 45948 | K64: =J64+7 -> 45955 | L64: =K64+7 -> 45962 | M64: =L64+7 -> 45969 | ... AT64: =AS64+7 -> 46200
E66: S1 | F66: S2 | G66: S3 | H66: S4 | I66: S5 | J66: S6 | K66: V | L66: V | M66: S7 | N66: S8 | O66: S9 | P66: S10 | Q66: S11 | R66: S12 | S66: S13 | T66: V | U66: V | V66: S14 | W66: S15 | X66: S16 | Y66: S17 | Z66: S18 | AA66: S19 | AB66: S20 | AC66: V | AD66: V | AE66: S21 | AF66: S22 | AG66: S23 | AH66: S24 | AI66: S25 | AJ66: S26 | AK66: V | AL66: V | AM66: S27 | AN66: S28 | AO66: F | AP66: S29 | AQ66: S30 | AR66: S31 | AS66: S32 | AT66: S33 | AU66: =SUM(I66:AT66) -> 0
A67: 4è groupe | B67: 1 | AU67: =SUM(I67:AT67) -> 0
B68: 2 | AU68: =SUM(I68:AT68) -> 0
B69: 3 | AU69: =SUM(I69:AT69) -> 0
B70: 4 | AU70: =SUM(I70:AT70) -> 0
B71: 5 | AU71: =SUM(I71:AT71) -> 0
B72: 6 | AU72: =SUM(I72:AT72) -> 0
B73: 7 | AU73: =SUM(I73:AT73) -> 0
B74: 8 | AU74: =SUM(I74:AT74) -> 0
B75: 9 | AU75: =SUM(I75:AT75) -> 0
B76: 10 | AU76: =SUM(I76:AT76) -> 0
B77: 11 | AU77: =SUM(I77:AT77) -> 0
B78: 12 | AU78: =SUM(I78:AT78) -> 0
B79: 13 | AU79: =SUM(I79:AT79) -> 0
... B82: 16 | AU82: =SUM(I82:AT82) -> 0
C83: TOTAL G4 | E83: =COUNTIF(E67:E82,"1") -> 0 | F83: =COUNTIF(F67:F82,"1") -> 0 | G83: =COUNTIF(G67:G82,"1") -> 0 | H83: =COUNTIF(H67:H82,"1") -> 0 | I83: =COUNTIF(I67:I82,"1") -> 0 | J83: =COUNTIF(J67:J82,"1") -> 0 | K83: =COUNTIF(K67:K82,"1") -> 0 | L83: =COUNTIF(L67:L82,"1") -> 0 | ... AT83: =COUNTIF(AT67:AT82,"1") -> 0 | AU83: =SUM(I83:AT83) -> 0
C85: =SUM(B23+B43+B63) -> 40

Sheet SAMEDI 14h00 Présence
C1: SAMEDI 14H00
E4: 45913 | F4: =E4+7 -> 45920 | G4: =F4+7 -> 45927 | H4: =G4+7 -> 45934 | I4: =H4+7 -> 45941 | J4: =I4+7 -> 45948 | K4: =J4+7 -> 45955 | L4: =K4+7 -> 45962 | M4: =L4+7 -> 45969 | ... AT4: =AS4+7 -> 46200
C5: ='BABY Présence'!C4 -> MAJ LISTE 11/03 : 12h15
A6: 1er groupe | C6: TOTAL INSCRIPTION EDF : | D6: ='BABY Présence'!D5 -> 321 | E6: S1 | F6: S2 | G6: S3 | H6: S4 | I6: S5 | J6: S6 | K6: V | L6: V | M6: S7 | N6: S8 | O6: S9 | P6: S10 | Q6: S11 | R6: S12 | S6: S13 | T6: V | U6: V | V6: S14 | W6: S15 | X6: S16 | Y6: S17 | Z6: S18 | AA6: S19 | AB6: S20 | AC6: V | AD6: V | AE6: S21 | AF6: S22 | AG6: S23 | AH6: S24 | AI6: S25 | AJ6: S26 | AK6: V | AL6: V | AM6: S27 | AN6: S28 | AO6: F | AP6: S29 | AQ6: S30 | AR6: S31 | AS6: S32 | AT6: S33 | AU6: =SUM(I6:AT6) -> 0
B7: 1 | C7: NOUNEMA Nassim haroun | D7: U6 | E7: 1 | F7: 1 | G7: 1 | H7: 1 | I7: 1 | J7: 1 | M7: 1 | N7: 0 | O7: 1 | P7: 0 | Q7: 0 | R7: 1 | S7: 1 | V7: 1 | W7: 0 | X7: 1 | Y7: 1 | Z7: 0 | AA7: 1 | AD7: 1 | AE7: 1 | AF7: 0 | AU7: =SUM(I7:AT7) -> 12
B8: 2 | C8: ZIANI Wael | D8: U6 | E8: 1 | F8: 1 | G8: 1 | H8: 0 | I8: 0 | J8: 0 | M8: 1 | N8: 0 | O8: 1 | P8: 0 | Q8: 0 | R8: 1 | S8: 0 | V8: 1 | W8: 0 | X8: 0 | Y8: 0 | Z8: 0 | AA8: 0 | AD8: 1 | AE8: 0 | AF8: 0 | AU8: =SUM(I8:AT8) -> 5
B9: 3 | C9: ALKALMA OUAHI Karam | D9: U7 | E9: 1 | F9: 1 | G9: 0 | H9: 1 | I9: 0 | J9: 1 | M9: 1 | N9: 1 | O9: 0 | P9: 0 | Q9: 1 | R9: 1 | S9: 1 | V9: 1 | W9: 1 | X9: 1 | Y9: 1 | Z9: 1 | AA9: 1 | AD9: 1 | AE9: 0 | AF9: 1 | AU9: =SUM(I9:AT9) -> 14
B10: 4 | C10: SOULA DROUET Léo (changement ?) | D10: U7 | E10: 1 | F10: 1 | G10: 1 | H10: 1 | I10: 0 | J10: 1 | M10: 0 | N10: 0 | O10: 1 | P10: 1 | Q10: 1 | R10: 1 | S10: 1 | V10: 1 | W10: 1 | X10: 1 | Y10: 1 | Z10: 1 | AA10: 0 | AD10: 1 | AE10: 0 | AF10: 0 | AU10: =SUM(I10:AT10) -> 12
B11: 5 | C11: ROQUES Gaspard | D11: U7 | E11: 0 | F11: 1 | G11: 1 | H11: 1 | I11: 1 | J11: 1 | M11: 1 | N11: 1 | O11: 1 | P11: 1 | Q11: 1 | R11: 1 | S11: 1 | V11: 0 | W11: 1 | X11: 1 | Y11: 1 | Z11: 0 | AA11: 0 | AD11: 1 | AE11: 1 | AF11: 0 | AU11: =SUM(I11:AT11) -> 14
B12: 6 | C12: SYED Adem | D12: U7 | E12: 1 | F12: 1 | G12: 1 | H12: 1 | I12: 1 | J12: 1 | M12: 1 | N12: 1 | O12: 1 | P12: 1 | Q12: 1 | R12: 1 | S12: 1 | V12: 1 | W12: 1 | X12: 1 | Y12: 0 | Z12: 1 | AA12: 1 | AD12: 1 | AE12: 1 | AF12: 0 | AU12: =SUM(I12:AT12) -> 16
B13: 7 | C13: ABID Zayn | D13: U7 | E13: 1 | F13: 1 | G13: 1 | H13: 1 | I13: 1 | J13: 1 | M13: 1 | N13: 1 | O13: 1 | P13: 1 | Q13: 1 | R13: 1 | S13: 1 | V13: 1 | W13: 1 | X13: 1 | Y13: 1 | Z13: 0 | AA13: 1 | AD13: 1 | AE13: 1 | AF13: 1 | AU13: =SUM(I13:AT13) -> 17
B14: 8 | C14: BOUTEFFAH Abdelkader | D14: U7 | E14: 1 | F14: 1 | G14: 1 | H14: 1 | I14: 0 | J14: 1 | M14: 1 | N14: 1 | O14: 0 | P14: 1 | Q14: 1 | R14: 1 | S14: 0 | V14: 1 | W14: 1 | X14: 0 | Y14: 0 | Z14: 1 | AA14: 1 | AD14: 0 | AE14: 0 | AF14: 1 | AU14: =SUM(I14:AT14) -> 11
B15: 9 | C15: GONZALEZ Guilhem Pau | D15: U7 | E15: 0 | F15: 0 | G15: 0 | H15: 1 | I15: 1 | J15: 0 | M15: 0 | N15: 1 | O15: 0 | P15: 1 | R15: 1 | S15: 0 | V15: 1 | W15: 0 | X15: 1 | Y15: 0 | Z15: 1 | AA15: 0 | AE15: 0 | AF15: 1 | AU15: =SUM(I15:AT15) -> 8
B16: 10 | C16: HAMADI Teym | D16: U6 | E16: 0 | F16: 0 | G16: 0 | H16: 0 | I16: 0 | J16: 0 | M16: 0 | N16: 0 | O16: 1 | P16: 1 | R16: 0 | S16: 0 | V16: 1 | W16: 1 | X16: 1 | Y16: 1 | Z16: 1 | AA16: 1 | AE16: 0 | AF16: 1 | AU16: =SUM(I16:AT16) -> 9
B17: 11 | C17: CHEMOUN Livio | D17: U6 | E17: 0 | F17: 0 | G17: 0 | H17: 0 | I17: 0 | J17: 0 | M17: 0 | N17: 0 | O17: 0 | P17: 0 | R17: 1 | S17: 1 | V17: 1 | W17: 1 | X17: 1 | Y17: 1 | Z17: 1 | AA17: 1 | AE17: 1 | AF17: 1 | AU17: =SUM(I17:AT17) -> 10
B18: 12 | C18: BENZITOUNI Kamil | D18: U7 | E18: 1 | F18: 1 | G18: 1 | H18: 1 | I18: 0 | J18: 1 | M18: 0 | N18: 0 | O18: 1 | P18: 1 | R18: 0 | S18: 0 | V18: 1 | W18: 0 | X18: 0 | Y18: 0 | Z18: 0 | AA18: 0 | AE18: 0 | AF18: 0 | AU18: =SUM(I18:AT18) -> 4
B19: 13 | C19: FEUILLERAT Nael | D19: U6 | E19: 0 | F19: 0 | G19: 0 | H19: 0 | I19: 0 | J19: 0 | M19: 0 | N19: 0 | O19: 0 | P19: 0 | R19: 0 | S19: 0 | V19: 0 | W19: 0 | X19: 0 | Y19: 0 | Z19: 0 | AA19: 1 | AE19: 1 | AF19: 1 | AU19: =SUM(I19:AT19) -> 3
B20: 14 | AU20: =SUM(I20:AT20) -> 0
B21: 15 | AU21: =SUM(I21:AT21) -> 0
B22: 16 | AU22: =SUM(I22:AT22) -> 0
B23: 13 | C23: TOTAL G1 | E23: =COUNTIF(E7:E22,"1") -> 8 | F23: =COUNTIF(F7:F22,"1") -> 9 | G23: =COUNTIF(G7:G22,"1") -> 8 | H23: =COUNTIF(H7:H22,"1") -> 9 | I23: =COUNTIF(I7:I22,"1") -> 5 | J23: =COUNTIF(J7:J22,"1") -> 8 | K23: =COUNTIF(K7:K22,"1") -> 0 | L23: =COUNTIF(L7:L22,"1") -> 0 | ... AT23: =COUNTIF(AT7:AT22,"1") -> 0 | AU23: =SUM(I23:AT23) -> 135
E24: 45913 | F24: =E24+7 -> 45920 | G24: =F24+7 -> 45927 | H24: =G24+7 -> 45934 | I24: =H24+7 -> 45941 | J24: =I24+7 -> 45948 | K24: =J24+7 -> 45955 | L24: =K24+7 -> 45962 | M24: =L24+7 -> 45969 | ... AT24: =AS24+7 -> 46200
E26: S1 | F26: S2 | G26: S3 | H26: S4 | I26: S5 | J26: S6 | K26: V | L26: V | M26: S7 | N26: S8 | O26: S9 | P26: S10 | Q26: S11 | R26: S12 | S26: S13 | T26: V | U26: V | V26: S14 | W26: S15 | X26: S16 | Y26: S17 | Z26: S18 | AA26: S19 | AB26: S20 | AC26: V | AD26: V | AE26: S21 | AF26: S22 | AG26: S23 | AH26: S24 | AI26: S25 | AJ26: S26 | AK26: V | AL26: V | AM26: S27 | AN26: S28 | AO26: F | AP26: S29 | AQ26: S30 | AR26: S31 | AS26: S32 | AT26: S33 | AU26: =SUM(I26:AT26) -> 0
A27: 2è groupe | B27: 1 | C27: BARRY Oumar Sinden | D27: U8 | E27: 0 | F27: 1 | G27: 1 | H27: 1 | I27: 0 | J27: 1 | M27: 0 | N27: 1 | O27: 0 | P27: 1 | R27: 1 | S27: 0 | V27: 1 | W27: 1 | X27: 0 | Y27: 1 | Z27: 1 | AA27: 1 | AB27: 1 | AE27: 1 | AF27: 1 | AU27: =SUM(I27:AT27) -> 12
B28: 2 | C28: KABOU Léon-Louis | D28: U8 | E28: 1 | F28: 1 | G28: 1 | H28: 1 | I28: 1 | J28: 0 | M28: 1 | N28: 1 | O28: 1 | P28: 1 | R28: 0 | S28: 0 | V28: 1 | W28: 1 | X28: 1 | Y28: 1 | Z28: 1 | AA28: 1 | AB28: 1 | AE28: 1 | AF28: 1 | AU28: =SUM(I28:AT28) -> 14
B29: 3 | C29: DEVJE Nesta | D29: U8 | E29: 1 | F29: 1 | G29: 0 | H29: 0 | I29: 0 | J29: 1 | M29: 0 | N29: 1 | O29: 1 | P29: 1 | R29: 0 | S29: 1 | V29: 1 | W29: 1 | X29: 1 | Y29: 0 | Z29: 1 | AA29: 0 | AB29: 1 | AE29: 1 | AF29: 1 | AU29: =SUM(I29:AT29) -> 12
B30: 4 | C30: BEN NACEUR Nael | D30: U8 | E30: 1 | F30: 1 | G30: 1 | H30: 1 | I30: 1 | J30: 1 | M30: 1 | N30: 1 | O30: 1 | P30: 1 | R30: 1 | S30: 1 | V30: 1 | W30: 1 | X30: 1 | Y30: 1 | Z30: 1 | AA30: 1 | AB30: 1 | AE30: 1 | AF30: 1 | AU30: =SUM(I30:AT30) -> 17
B31: 5 | C31: KAID Omar | D31: U8 | E31: 0 | F31: 1 | G31: 1 | H31: 1 | I31: 1 | J31: 1 | M31: 1 | N31: 1 | O31: 1 | P31: 1 | R31: 0 | S31: 0 | V31: 1 | W31: 1 | X31: 1 | Y31: 0 | Z31: 1 | AA31: 1 | AB31: 1 | AE31: 1 | AF31: 1 | AU31: =SUM(I31:AT31) -> 14
B32: 6 | C32: NDECKY Namaar | D32: U8 | E32: 0 | F32: 0 | G32: 0 | H32: 0 | I32: 0 | J32: 1 | M32: 1 | N32: 0 | O32: 1 | P32: 1 | R32: 1 | S32: 0 | V32: 0 | W32: 1 | X32: 1 | Y32: 1 | Z32: 0 | AA32: 0 | AB32: 1 | AE32: 1 | AF32: 1 | AU32: =SUM(I32:AT32) -> 11
B33: 7 | C33: AGUERSSIF Celyan | D33: U9 | E33: 1 | F33: 1 | G33: 1 | H33: 1 | I33: 1 | J33: 0 | M33: 1 | N33: 1 | O33: 1 | P33: 1 | R33: 0 | S33: 0 | V33: 1 | W33: 1 | X33: 1 | Y33: 1 | Z33: 1 | AA33: 1 | AB33: 1 | AE33: 1 | AF33: 1 | AU33: =SUM(I33:AT33) -> 14
B34: 8 | C34: ROSSI LE CAMUS Camille | D34: U9 | E34: 1 | F34: 1 | G34: 1 | H34: 1 | I34: 1 | J34: 1 | M34: 1 | N34: 0 | O34: 1 | P34: 1 | R34: 1 | S34: 1 | V34: 1 | W34: 1 | X34: 1 | Y34: 0 | Z34: 1 | AA34: 1 | AB34: 1 | AE34: 1 | AF34: 1 | AU34: =SUM(I34:AT34) -> 15
B35: 9 | C35: GONZALEZ Emilio (changement ?) | D35: U9 | E35: 0 | F35: 1 | G35: 0 | H35: 1 | I35: 0 | J35: 0 | M35: 0 | N35: 0 | O35: 1 | P35: 1 | R35: 0 | S35: 0 | V35: 0 | W35: 0 | X35: 0 | Y35: 0 | Z35: 1 | AA35: 0 | AB35: 0 | AE35: 0 | AF35: 0 | AU35: =SUM(I35:AT35) -> 3
B36: 10 | C36: MULLER Noham | D36: U9 | E36: 0 | F36: 0 | G36: 0 | H36: 0 | I36: 0 | J36: 0 | M36: 0 | N36: 0 | O36: 0 | P36: 0 | R36: 0 | S36: 0 | V36: 1 | W36: 1 | X36: 0 | Y36: 1 | Z36: 1 | AA36: 0 | AB36: 1 | AE36: 1 | AF36: 0 | AU36: =SUM(I36:AT36) -> 6
B37: 11 | C37: DJOUAD Adam | D37: U8 | E37: 0 | F37: 0 | G37: 0 | H37: 0 | I37: 0 | J37: 0 | M37: 0 | N37: 0 | O37: 0 | P37: 0 | R37: 0 | S37: 0 | V37: 0 | W37: 1 | X37: 1 | Y37: 1 | Z37: 1 | AA37: 1 | AB37: 1 | AE37: 1 | AF37: 1 | AU37: =SUM(I37:AT37) -> 8
B38: 12 | C38: SABIR Ilyâs | D38: U9 | E38: 0 | F38: 0 | G38: 0 | H38: 0 | I38: 0 | J38: 0 | M38: 0 | N38: 0 | O38: 0 | P38: 0 | R38: 0 | S38: 0 | V38: 0 | W38: 1 | X38: 1 | Y38: 0 | Z38: 1 | AA38: 1 | AB38: 1 | AE38: 1 | AF38: 0 | AU38: =SUM(I38:AT38) -> 6
B39: 13 | C39: MUHAMMAD Johan | D39: U8 | E39: 1 | F39: 1 | G39: 1 | H39: 1 | I39: 1 | J39: 0 | M39: 1 | N39: 1 | O39: 1 | P39: 0 | Q39: 1 | R39: 0 | S39: 0 | V39: 0 | W39: 0 | X39: 1 | Y39: 0 | Z39: 0 | AA39: 1 | AB39: 1 | AE39: 0 | AF39: 0 | AU39: =SUM(I39:AT39) -> 8
B40: 14 | AU40: =SUM(I40:AT40) -> 0
B41: 15 | AU41: =SUM(I41:AT41) -> 0
B42: 16 | AU42: =SUM(I42:AT42) -> 0
B43: 13 | C43: TOTAL G2 | E43: =COUNTIF(E27:E42,"1") -> 6 | F43: =COUNTIF(F27:F42,"1") -> 9 | G43: =COUNTIF(G27:G42,"1") -> 7 | H43: =COUNTIF(H27:H42,"1") -> 8 | I43: =COUNTIF(I27:I42,"1") -> 6 | J43: =COUNTIF(J27:J42,"1") -> 6 | K43: =COUNTIF(K27:K42,"1") -> 0 | L43: =COUNTIF(L27:L42,"1") -> 0 | ... AT43: =COUNTIF(AT27:AT42,"1") -> 0 | AU43: =SUM(I43:AT43) -> 140
E44: =SUM(E23+E43) -> 14 | F44: =SUM(F23+F43) -> 18 | G44: =SUM(G23+G43) -> 15 | H44: =SUM(H23+H43) -> 17 | I44: =SUM(I23+I43) -> 11 | J44: =SUM(J23+J43) -> 14 | M44: =SUM(M23+M43) -> 14 | N44: =SUM(N23+N43) -> 13 | O44: =SUM(O23+O43) -> 17
C45: =SUM(B23+B43) -> 26

Sheet SAMEDI 15h45 Présence
C1: SAMEDI 15H45
E4: 45913 | F4: =E4+7 -> 45920 | G4: =F4+7 -> 45927 | H4: =G4+7 -> 45934 | I4: =H4+7 -> 45941 | J4: =I4+7 -> 45948 | K4: =J4+7 -> 45955 | L4: =K4+7 -> 45962 | M4: =L4+7 -> 45969 | ... AT4: =AS4+7 -> 46200
C5: ='BABY Présence'!C4 -> MAJ LISTE 11/03 : 12h15
A6: 1er groupe | C6: TOTAL INSCRIPTION EDF : | D6: ='BABY Présence'!D5 -> 321 | E6: S1 | F6: S2 | G6: S3 | H6: S4 | I6: S5 | J6: S6 | K6: V | L6: V | M6: S7 | N6: S8 | O6: S9 | P6: S10 | Q6: S11 | R6: S12 | S6: S13 | T6: V | U6: V | V6: S14 | W6: S15 | X6: S16 | Y6: S17 | Z6: S18 | AA6: S19 | AB6: S20 | AC6: V | AD6: V | AE6: S21 | AF6: S22 | AG6: S23 | AH6: S24 | AI6: S25 | AJ6: S26 | AK6: V | AL6: V | AM6: S27 | AN6: S28 | AO6: F | AP6: S29 | AQ6: S30 | AR6: S31 | AS6: S32 | AT6: S33 | AU6: =SUM(I6:AT6) -> 0
B7: 1 | C7: FOUTY Samuel | D7: U10 | E7: 1 | F7: 1 | G7: 1 | H7: 1 | I7: 0 | J7: 1 | M7: 1 | N7: 1 | O7: 0 | P7: 1 | Q7: 0 | R7: 0 | S7: 1 | V7: 1 | W7: 1 | X7: 1 | Y7: 1 | Z7: 1 | AA7: 1 | AD7: 1 | AE7: 1 | AU7: =SUM(I7:AT7) -> 13
B8: 2 | C8: RAOUX Mélan | D8: U10 | E8: 1 | F8: 1 | G8: 1 | H8: 1 | I8: 1 | J8: 0 | M8: 1 | N8: 1 | O8: 1 | P8: 1 | Q8: 1 | R8: 1 | S8: 1 | V8: 0 | W8: 1 | X8: 1 | Y8: 1 | Z8: 0 | AA8: 1 | AB8: 1 | AD8: 1 | AE8: 1 | AU8: =SUM(I8:AT8) -> 15
B9: 3 | C9: RODRIGUEZ Clément | D9: U11 | E9: 1 | F9: 0 | G9: 1 | H9: 1 | I9: 0 | J9: 0 | M9: 1 | N9: 1 | O9: 1 | P9: 1 | Q9: 1 | R9: 1 | S9: 0 | V9: 1 | W9: 1 | X9: 1 | Y9: 1 | Z9: 1 | AA9: 1 | AB9: 1 | AD9: 0 | AE9: 0 | AU9: =SUM(I9:AT9) -> 13
B10: 4 | C10: RODRIGUEZ Juan | D10: U11 | E10: 1 | F10: 1 | G10: 1 | H10: 0 | I10: 1 | J10: 1 | M10: 1 | N10: 1 | O10: 1 | P10: 1 | Q10: 1 | R10: 1 | S10: 0 | V10: 1 | W10: 1 | X10: 1 | Y10: 1 | Z10: 0 | AA10: 1 | AB10: 0 | AD10: 0 | AE10: 0 | AU10: =SUM(I10:AT10) -> 13
B11: 5 | C11: BOUTEFFAH Benaouda | D11: U11 | E11: 0 | F11: 1 | G11: 1 | H11: 1 | I11: 0 | J11: 1 | M11: 0 | N11: 1 | O11: 1 | P11: 1 | Q11: 1 | R11: 1 | S11: 1 | V11: 1 | W11: 1 | X11: 1 | Y11: 0 | Z11: 1 | AA11: 1 | AB11: 0 | AD11: 1 | AE11: 0 | AU11: =SUM(I11:AT11) -> 13
B12: 6 | C12: AYENOUE Ezéchiel | D12: U12 | E12: 0 | F12: 0 | G12: 1 | H12: 0 | I12: 1 | J12: 1 | M12: 1 | N12: 1 | O12: 1 | P12: 1 | Q12: 0 | R12: 0 | S12: 1 | V12: 1 | W12: 1 | X12: 1 | Y12: 1 | Z12: 1 | AA12: 1 | AB12: 1 | AD12: 1 | AE12: 1 | AU12: =SUM(I12:AT12) -> 16
B13: 7 | C13: LAGIER Joshua | D13: U13 | E13: 0 | F13: 1 | G13: 1 | H13: 1 | I13: 1 | J13: 1 | M13: 1 | N13: 0 | O13: 1 | P13: 0 | Q13: 1 | R13: 0 | S13: 0 | V13: 0 | W13: 1 | X13: 0 | Y13: 1 | Z13: 1 | AA13: 1 | AB13: 1 | AD13: 1 | AE13: 1 | AU13: =SUM(I13:AT13) -> 12
B14: 8 | C14: EDALLAL Rayan | D14: U13 | E14: 0 | F14: 0 | G14: 1 | H14: 1 | I14: 1 | J14: 1 | M14: 1 | N14: 1 | O14: 1 | P14: 1 | R14: 1 | S14: 1 | V14: 1 | W14: 1 | X14: 1 | Y14: 1 | Z14: 1 | AA14: 1 | AB14: 1 | AE14: 1 | AU14: =SUM(I14:AT14) -> 16
B15: 9 | C15: AYENOUE Denis-Alexandre | D15: U14 | E15: 1 | F15: 1 | G15: 1 | H15: 1 | I15: 1 | J15: 1 | M15: 1 | N15: 1 | O15: 1 | P15: 1 | R15: 1 | S15: 1 | V15: 1 | W15: 1 | X15: 1 | Y15: 1 | Z15: 1 | AA15: 1 | AB15: 1 | AE15: 1 | AU15: =SUM(I15:AT15) -> 16
B16: 10 | C16: LEFEBVRE Alban | D16: U15 | E16: 1 | F16: 1 | G16: 1 | H16: 1 | I16: 1 | J16: 1 | M16: 1 | N16: 1 | O16: 1 | P16: 1 | R16: 1 | S16: 0 | V16: 1 | W16: 1 | X16: 1 | Y16: 1 | Z16: 1 | AA16: 1 | AB16: 1 | AE16: 1 | AU16: =SUM(I16:AT16) -> 15
B17: 11 | C17: BENDEBICHE Zayd | D17: U15 | E17: 0 | F17: 0 | G17: 0 | H17: 1 | I17: 1 | J17: 1 | M17: 1 | N17: 0 | O17: 1 | P17: 1 | R17: 1 | S17: 1 | V17: 1 | W17: 1 | X17: 1 | Y17: 1 | Z17: 1 | AA17: 1 | AB17: 1 | AE17: 1 | AU17: =SUM(I17:AT17) -> 15
B18: 12 | C18: TAHI Ilyas | D18: U12 | E18: 0 | F18: 1 | G18: 1 | H18: 1 | I18: 0 | J18: 0 | M18: 1 | N18: 1 | O18: 1 | P18: 0 | R18: 1 | S18: 0 | V18: 0 | W18: 0 | X18: 0 | Y18: 1 | Z18: 1 | AA18: 1 | AB18: 1 | AE18: 0 | AU18: =SUM(I18:AT18) -> 8
B19: 13 | C19: ZEMRANI Zakaria | D19: U10 | E19: 0 | F19: 0 | G19: 0 | H19: 0 | I19: 0 | J19: 0 | M19: 0 | N19: 0 | O19: 0 | P19: 0 | R19: 0 | S19: 0 | V19: 0 | W19: 0 | X19: 0 | Y19: 1 | AA19: 0 | AB19: 0 | AE19: 1 | AU19: =SUM(I19:AT19) -> 2
B20: 14 | C20: COSTE Hélio | D20: U11 | AA20: 1 | AE20: 1 | AU20: =SUM(I20:AT20) -> 2
B21: 15 | AU21: =SUM(I21:AT21) -> 0
B22: 16 | AU22: =SUM(I22:AT22) -> 0
B23: 14 | C23: TOTAL G1 | E23: =COUNTIF(E7:E22,"1") -> 6 | F23: =COUNTIF(F7:F22,"1") -> 8 | G23: =COUNTIF(G7:G22,"1") -> 11 | H23: =COUNTIF(H7:H22,"1") -> 10 | I23: =COUNTIF(I7:I22,"1") -> 8 | J23: =COUNTIF(J7:J22,"1") -> 9 | K23: =COUNTIF(K7:K22,"1") -> 0 | L23: =COUNTIF(L7:L22,"1") -> 0 | ... AT23: =COUNTIF(AT7:AT22,"1") -> 0 | AU23: =SUM(I23:AT23) -> 169
E24: 45913 | F24: =E24+7 -> 45920 | G24: =F24+7 -> 45927 | H24: =G24+7 -> 45934 | I24: =H24+7 -> 45941 | J24: =I24+7 -> 45948 | K24: =J24+7 -> 45955 | L24: =K24+7 -> 45962 | M24: =L24+7 -> 45969 | ... AT24: =AS24+7 -> 46200
E26: S1 | F26: S2 | G26: S3 | H26: S4 | I26: S5 | J26: S6 | K26: V | L26: V | M26: S7 | N26: S8 | O26: S9 | P26: S10 | Q26: S11 | R26: S12 | S26: S13 | T26: V | U26: V | V26: S14 | W26: S15 | X26: S16 | Y26: S17 | Z26: S18 | AA26: S19 | AB26: S20 | AC26: V | AD26: V | AE26: S21 | AF26: S22 | AG26: S23 | AH26: S24 | AI26: S25 | AJ26: S26 | AK26: V | AL26: V | AM26: S27 | AN26: S28 | AO26: F | AP26: S29 | AQ26: S30 | AR26: S31 | AS26: S32 | AT26: S33 | AU26: =SUM(I26:AT26) -> 0
A27: 2è groupe | B27: 1 | AU27: =SUM(I27:AT27) -> 0
B28: 2 | AU28: =SUM(I28:AT28) -> 0
B29: 3 | AU29: =SUM(I29:AT29) -> 0
B30: 4 | AU30: =SUM(I30:AT30) -> 0
B31: 5 | AU31: =SUM(I31:AT31) -> 0
B32: 6 | AU32: =SUM(I32:AT32) -> 0
B33: 7 | AU33: =SUM(I33:AT33) -> 0
B34: 8 | AU34: =SUM(I34:AT34) -> 0
B35: 9 | AU35: =SUM(I35:AT35) -> 0
B36: 10 | AU36: =SUM(I36:AT36) -> 0
B37: 11 | AU37: =SUM(I37:AT37) -> 0
B38: 12 | AU38: =SUM(I38:AT38) -> 0
B39: 13 | AU39: =SUM(I39:AT39) -> 0
... B42: 16 | AU42: =SUM(I42:AT42) -> 0
C43: TOTAL G2 | E43: =COUNTIF(E27:E42,"1") -> 0 | F43: =COUNTIF(F27:F42,"1") -> 0 | G43: =COUNTIF(G27:G42,"1") -> 0 | H43: =COUNTIF(H27:H42,"1") -> 0 | I43: =COUNTIF(I27:I42,"1") -> 0 | J43: =COUNTIF(J27:J42,"1") -> 0 | K43: =COUNTIF(K27:K42,"1") -> 0 | L43: =COUNTIF(L27:L42,"1") -> 0 | ... AT43: =COUNTIF(AT27:AT42,"1") -> 0 | AU43: =SUM(I43:AT43) -> 0
C45: =B23 -> 14

Sheet Listing LUNDI
B1: LUNDI
B3: EDF 17h30
A4: 1er groupe | B4: 1 | C4: ='LUNDI 17H30 Présence'!C7 -> GRAY Louis | D4: ='LUNDI 17H30 Présence'!D7 -> U10
B5: 2 | C5: ='LUNDI 17H30 Présence'!C8 -> LECEA Joseph | D5: ='LUNDI 17H30 Présence'!D8 -> U10
B6: 3 | C6: ='LUNDI 17H30 Présence'!C9 -> SALAME Bassam | D6: ='LUNDI 17H30 Présence'!D9 -> U10
B7: 4 | C7: ='LUNDI 17H30 Présence'!C10 -> GUILLETAT Seyf | D7: ='LUNDI 17H30 Présence'!D10 -> U10
B8: 5 | C8: ='LUNDI 17H30 Présence'!C11 -> COINTE-FOURRIER Axel | D8: ='LUNDI 17H30 Présence'!D11 -> U10
B9: 6 | C9: ='LUNDI 17H30 Présence'!C12 -> RODRIGUEZ Clément | D9: ='LUNDI 17H30 Présence'!D12 -> U11
B10: 7 | C10: ='LUNDI 17H30 Présence'!C13 -> SUN Bastien | D10: ='LUNDI 17H30 Présence'!D13 -> U11
B11: 8 | C11: ='LUNDI 17H30 Présence'!C14 -> MOUMEN Maher | D11: ='LUNDI 17H30 Présence'!D14 -> U11
B12: 9 | C12: ='LUNDI 17H30 Présence'!C15 -> MOUMEN Wael | D12: ='LUNDI 17H30 Présence'!D15 -> U11
B13: 10 | C13: ='LUNDI 17H30 Présence'!C16 -> AZARYOUH Ismael | D13: ='LUNDI 17H30 Présence'!D16 -> U11
B14: 11 | C14: ='LUNDI 17H30 Présence'!C17 -> ZERROUKI Aymen | D14: ='LUNDI 17H30 Présence'!D17 -> U11
B15: 12 | C15: ='LUNDI 17H30 Présence'!C18 -> FATY Noha | D15: ='LUNDI 17H30 Présence'!D18 -> U12
B16: 13 | C16: ='LUNDI 17H30 Présence'!C19 -> CROSNIER Simon | D16: ='LUNDI 17H30 Présence'!D19 -> U13
B17: 14 | C17: ='LUNDI 17H30 Présence'!C20 -> BECKER Kolja | D17: ='LUNDI 17H30 Présence'!D20 -> U11
B18: 15
B19: 16
B20: TOTAL G1 - NICO

Sheet Listing MARDI
A1: MARDI
B3: EDF 17h30 | G3: EDF 17h30
A4: 1er groupe | B4: 1 | C4: ='MARDI 17H30 Présence'!C7 -> GHACHI TAILLARD Naël | D4: ='MARDI 17H30 Présence'!D7 -> U6 | F4: 2è groupe | G4: 1 | H4: ='MARDI 17H30 Présence'!C27 -> KHELIF Aaron | I4: ='MARDI 17H30 Présence'!D27 -> U8
B5: 2 | C5: ='MARDI 17H30 Présence'!C8 -> PUJOL Elio | D5: ='MARDI 17H30 Présence'!D8 -> U6 | G5: 2 | H5: ='MARDI 17H30 Présence'!C28 -> HARZALLAH Zakaria | I5: ='MARDI 17H30 Présence'!D28 -> U8
B6: 3 | C6: ='MARDI 17H30 Présence'!C9 -> BRUGAT Mathias | D6: ='MARDI 17H30 Présence'!D9 -> U6 | G6: 3 | H6: ='MARDI 17H30 Présence'!C29 -> SANCHEZ GUERRERO Lennys | I6: ='MARDI 17H30 Présence'!D29 -> U9
B7: 4 | C7: ='MARDI 17H30 Présence'!C10 -> MAGNIN Jade | D7: ='MARDI 17H30 Présence'!D10 -> U7 | G7: 4 | H7: ='MARDI 17H30 Présence'!C30 -> DANOT Maël | I7: ='MARDI 17H30 Présence'!D30 -> U9
B8: 5 | C8: ='MARDI 17H30 Présence'!C11 -> MAGNIN Sophie | D8: ='MARDI 17H30 Présence'!D11 -> U7 | G8: 5 | H8: ='MARDI 17H30 Présence'!C31 -> OLVERA MARTINEZ Matias Andres | I8: ='MARDI 17H30 Présence'!D31 -> U9
B9: 6 | C9: ='MARDI 17H30 Présence'!C12 -> AMSELEM Ishay | D9: ='MARDI 17H30 Présence'!D12 -> U7 | G9: 6 | H9: ='MARDI 17H30 Présence'!C32 -> CHALLUT Tom | I9: ='MARDI 17H30 Présence'!D32 -> U9
B10: 7 | G10: 7 | H10: ='MARDI 17H30 Présence'!C33 -> GUEDJ Joseph | I10: ='MARDI 17H30 Présence'!D33 -> U9
B11: 8 | G11: 8 | H11: ='MARDI 17H30 Présence'!C34 -> BENHADDOU Imrane | I11: ='MARDI 17H30 Présence'!D34 -> U9
B12: 9 | G12: 9 | H12: ='MARDI 17H30 Présence'!C35 -> GHACHI TAILLARD Noé | I12: ='MARDI 17H30 Présence'!D35 -> U9
B13: 10 | G13: 10 | H13: ='MARDI 17H30 Présence'!C36 -> PUJOL Timéo | I13: ='MARDI 17H30 Présence'!D36 -> U9
B14: 11 | G14: 11
B15: 12 | G15: 12
B16: 13 | G16: 13
B17: 14 | G17: 14
B18: 15 | G18: 15
B19: 16 | G19: 16
B20: TOTAL G1 - REMI | G20: TOTAL G2 - LOÏC

Sheet Listing MERCREDI
B1: MERCREDI
A3: 1er groupe | B3: EDF 14h30 | G3: EDF 14h30 | L3: EDF 14h30
B4: 1 | C4: ='MERCREDI 14h Présence'!C7 -> BARCELO Pablo | D4: ='MERCREDI 14h Présence'!D7 -> U6 | F4: 2è groupe | G4: 1 | H4: ='MERCREDI 14h Présence'!C27 -> GLANDIER Carl | I4: ='MERCREDI 14h Présence'!D27 -> U8 | K4: 3è groupe | L4: 1 | M4: ='MERCREDI 14h Présence'!C47 -> COUDERC Antoine | N4: ='MERCREDI 14h Présence'!D47 -> U9
B5: 2 | C5: ='MERCREDI 14h Présence'!C8 -> MORIN NGUYEN Milo | D5: ='MERCREDI 14h Présence'!D8 -> U6 | G5: 2 | H5: ='MERCREDI 14h Présence'!C28 -> MITCHELL Arthur | I5: ='MERCREDI 14h Présence'!D28 -> U8 | L5: 2 | M5: ='MERCREDI 14h Présence'!C48 -> LEGRAND LHOPITAULT Louis | N5: ='MERCREDI 14h Présence'!D48 -> U8
B6: 3 | C6: ='MERCREDI 14h Présence'!C9 -> GARCIA LOPEZ Carlos | D6: ='MERCREDI 14h Présence'!D9 -> U6 | G6: 3 | H6: ='MERCREDI 14h Présence'!C29 -> SALAH Gauthier | I6: ='MERCREDI 14h Présence'!D29 -> U8 | L6: 3 | M6: ='MERCREDI 14h Présence'!C49 -> DELEAU Axel | N6: ='MERCREDI 14h Présence'!D49 -> U8
B7: 4 | C7: ='MERCREDI 14h Présence'!C10 -> ANDRE Salomon | D7: ='MERCREDI 14h Présence'!D10 -> U6 | G7: 4 | H7: ='MERCREDI 14h Présence'!C30 -> COULIBALY Adam | I7: ='MERCREDI 14h Présence'!D30 -> U9 | L7: 4 | M7: ='MERCREDI 14h Présence'!C50 -> ICARD Matéo | N7: ='MERCREDI 14h Présence'!D50 -> U8
B8: 5 | C8: ='MERCREDI 14h Présence'!C11 -> RAMOS AMAT Paolo | D8: ='MERCREDI 14h Présence'!D11 -> U6 | G8: 5 | H8: ='MERCREDI 14h Présence'!C31 -> MEKDACH Riyad | I8: ='MERCREDI 14h Présence'!D31 -> U9 | L8: 5 | M8: ='MERCREDI 14h Présence'!C51 -> BOUYGUES Léopold | N8: ='MERCREDI 14h Présence'!D51 -> U8
B9: 6 | C9: ='MERCREDI 14h Présence'!C12 -> BALLET Akeem | D9: ='MERCREDI 14h Présence'!D12 -> U6 | G9: 6 | H9: ='MERCREDI 14h Présence'!C32 -> SI SALAH Mayas | I9: ='MERCREDI 14h Présence'!D32 -> U9 | L9: 6 | M9: ='MERCREDI 14h Présence'!C52 -> CAZES Mathis | N9: ='MERCREDI 14h Présence'!D52 -> U8
B10: 7 | C10: ='MERCREDI 14h Présence'!C13 -> AZUELOS Marceau | D10: ='MERCREDI 14h Présence'!D13 -> U7 | G10: 7 | H10: ='MERCREDI 14h Présence'!C33 -> MAZOIN Matisse | I10: ='MERCREDI 14h Présence'!D33 -> U8 | L10: 7 | M10: ='MERCREDI 14h Présence'!C53 -> PARRA-BRUGUIERE Victor | N10: ='MERCREDI 14h Présence'!D53 -> U8
B11: 8 | C11: ='MERCREDI 14h Présence'!C14 -> SYED Adem | D11: ='MERCREDI 14h Présence'!D14 -> U7 | G11: 8 | H11: ='MERCREDI 14h Présence'!C34 -> LABORIE Romain | I11: ='MERCREDI 14h Présence'!D34 -> U8 | L11: 8 | M11: ='MERCREDI 14h Présence'!C54 -> ARBONA Raphaël | N11: ='MERCREDI 14h Présence'!D54 -> U9
B12: 9 | C12: ='MERCREDI 14h Présence'!C15 -> CARFANTAN Gaspar | D12: ='MERCREDI 14h Présence'!D15 -> U7 | G12: 9 | H12: ='MERCREDI 14h Présence'!C35 -> DESCUDE Ivan | I12: ='MERCREDI 14h Présence'!D35 -> U8 | L12: 9 | M12: ='MERCREDI 14h Présence'!C55 -> MOREIRA Enzo | N12: ='MERCREDI 14h Présence'!D55 -> U9
B13: 10 | C13: ='MERCREDI 14h Présence'!C16 -> CALOIN Chris | D13: ='MERCREDI 14h Présence'!D16 -> U7 | G13: 10 | H13: ='MERCREDI 14h Présence'!C36 -> SCHMITT Baptiste | I13: ='MERCREDI 14h Présence'!D36 -> U8 | L13: 10 | M13: ='MERCREDI 14h Présence'!C56 -> MICHELLAND Marlon | N13: ='MERCREDI 14h Présence'!D56 -> U9
B14: 11 | C14: ='MERCREDI 14h Présence'!C17 -> SABOUR Kamil | D14: ='MERCREDI 14h Présence'!D17 -> U6 | G14: 11 | H14: ='MERCREDI 14h Présence'!C37 -> COUTE Nolan | I14: ='MERCREDI 14h Présence'!D37 -> U9 | L14: 11 | M14: ='MERCREDI 14h Présence'!C57 -> LASPALLES Paul | N14: ='MERCREDI 14h Présence'!D57 -> U9
B15: 12 | G15: 12 | H15: ='MERCREDI 14h Présence'!C38 -> DIALLO Adam | I15: ='MERCREDI 14h Présence'!D38 -> U7 | L15: 12
B16: 13 | G16: 13 | L16: 13
B17: 14 | G17: 14 | L17: 14
B18: 15 | G18: 15 | L18: 15
B19: 16 | G19: 16 | L19: 16
B20: TOTAL G1 - FLO | G20: TOTAL G2 - LOÏC | L20: TOTAL G3 -
B22: EDF 15h45 | G22: EDF 15h45 | L22: EDF 15h45
A23: 1er groupe | B23: 1 | C23: ='MERCREDI 15h45 Présence '!C7 -> ABOU LEYLA Youssef | D23: ='MERCREDI 15h45 Présence '!D7 -> U10 | F23: 2è groupe | G23: 1 | H23: ='MERCREDI 15h45 Présence '!C27 -> MOREIRA Liam | I23: ='MERCREDI 15h45 Présence '!D27 -> U11 | K23: 3è groupe | L23: 1 | M23: ='MERCREDI 15h45 Présence '!C47 -> DORNEVAL Sami, Keyann | N23: ='MERCREDI 15h45 Présence '!D47 -> U13
B24: 2 | C24: ='MERCREDI 15h45 Présence '!C8 -> LEGRAND LHOPITAULT Gabriel | D24: ='MERCREDI 15h45 Présence '!D8 -> U10 | G24: 2 | H24: ='MERCREDI 15h45 Présence '!C28 -> DEVOS Adam | I24: ='MERCREDI 15h45 Présence '!D28 -> U11 | L24: 2 | M24: ='MERCREDI 15h45 Présence '!C48 -> BOUVIER Victor | N24: ='MERCREDI 15h45 Présence '!D48 -> U13
B25: 3 | C25: ='MERCREDI 15h45 Présence '!C9 -> NGUEMA MEDANG Seth | D25: ='MERCREDI 15h45 Présence '!D9 -> U10 | G25: 3 | H25: ='MERCREDI 15h45 Présence '!C29 -> MOLINA NEGRE Ruben | I25: ='MERCREDI 15h45 Présence '!D29 -> U11 | L25: 3 | M25: ='MERCREDI 15h45 Présence '!C49 -> THILLARD Jack | N25: ='MERCREDI 15h45 Présence '!D49 -> U13
B26: 4 | C26: ='MERCREDI 15h45 Présence '!C10 -> MEDALE Joaquim | D26: ='MERCREDI 15h45 Présence '!D10 -> U10 | G26: 4 | H26: ='MERCREDI 15h45 Présence '!C30 -> MOUMEN Maher | I26: ='MERCREDI 15h45 Présence '!D30 -> U11 | L26: 4 | M26: ='MERCREDI 15h45 Présence '!C50 -> CHAFIQ Yacine | N26: ='MERCREDI 15h45 Présence '!D50 -> U13
B27: 5 | C27: ='MERCREDI 15h45 Présence '!C11 -> BESNARD Noah | D27: ='MERCREDI 15h45 Présence '!D11 -> U10 | G27: 5 | H27: ='MERCREDI 15h45 Présence '!C31 -> MOUMEN Wael | I27: ='MERCREDI 15h45 Présence '!D31 -> U11 | L27: 5 | M27: ='MERCREDI 15h45 Présence '!C51 -> AMER Wael | N27: ='MERCREDI 15h45 Présence '!D51 -> U13
B28: 6 | C28: ='MERCREDI 15h45 Présence '!C12 -> DESPOISSE Louis | D28: ='MERCREDI 15h45 Présence '!D12 -> U10 | G28: 6 | H28: ='MERCREDI 15h45 Présence '!C32 -> BEAUMONT Elie | I28: ='MERCREDI 15h45 Présence '!D32 -> U11 | L28: 6 | M28: ='MERCREDI 15h45 Présence '!C52 -> MARCOU Esteban | N28: ='MERCREDI 15h45 Présence '!D52 -> U14
B29: 7 | C29: ='MERCREDI 15h45 Présence '!C13 -> SACADURA DOS SANTOS Thomas | D29: ='MERCREDI 15h45 Présence '!D13 -> U10 | G29: 7 | H29: ='MERCREDI 15h45 Présence '!C33 -> GOMIS Noam | I29: ='MERCREDI 15h45 Présence '!D33 -> U11 | L29: 7 | M29: ='MERCREDI 15h45 Présence '!C53 -> PEREZ Sacha | N29: ='MERCREDI 15h45 Présence '!D53 -> U14
B30: 8 | C30: ='MERCREDI 15h45 Présence '!C14 -> KARIMI Jad-Liam | D30: ='MERCREDI 15h45 Présence '!D14 -> U10 | G30: 8 | H30: ='MERCREDI 15h45 Présence '!C34 -> BAMBA Karim Christ Emmanuel | I30: ='MERCREDI 15h45 Présence '!D34 -> U12 | L30: 8 | M30: ='MERCREDI 15h45 Présence '!C54 -> PEMBA MBOULET Omaël | N30: ='MERCREDI 15h45 Présence '!D54 -> U14
B31: 9 | C31: ='MERCREDI 15h45 Présence '!C15 -> DELGADO Emiliano | D31: ='MERCREDI 15h45 Présence '!D15 -> U10 | G31: 9 | H31: ='MERCREDI 15h45 Présence '!C35 -> ARBONA Florian | I31: ='MERCREDI 15h45 Présence '!D35 -> U12 | L31: 9 | M31: ='MERCREDI 15h45 Présence '!C55 -> NOTTOLI Oscar | N31: ='MERCREDI 15h45 Présence '!D55 -> U15
B32: 10 | C32: ='MERCREDI 15h45 Présence '!C16 -> MANNA Gabriel | D32: ='MERCREDI 15h45 Présence '!D16 -> U10 | G32: 10 | H32: ='MERCREDI 15h45 Présence '!C36 -> MAGOSSOU Melphy Antoine | I32: ='MERCREDI 15h45 Présence '!D36 -> U12 | L32: 10 | M32: ='MERCREDI 15h45 Présence '!C56 -> LATHIERE Raphaël | N32: ='MERCREDI 15h45 Présence '!D56 -> U15
B33: 11 | C33: ='MERCREDI 15h45 Présence '!C17 -> FARSI Amir | D33: ='MERCREDI 15h45 Présence '!D17 -> U10 | G33: 11 | H33: ='MERCREDI 15h45 Présence '!C37 -> ABOU LEYA Adam | I33: ='MERCREDI 15h45 Présence '!D37 -> U12 | L33: 11 | M33: ='MERCREDI 15h45 Présence '!C57 -> BANMASSOUD Yanis | N33: ='MERCREDI 15h45 Présence '!D57 -> U15
B34: 12 | C34: ='MERCREDI 15h45 Présence '!C18 -> AMRI Souleymane | D34: ='MERCREDI 15h45 Présence '!D18 -> U10 | G34: 12 | H34: ='MERCREDI 15h45 Présence '!C38 -> MARTIN CHOPINAUD Louis | I34: ='MERCREDI 15h45 Présence '!D38 -> U12 | L34: 12 | M34: ='MERCREDI 15h45 Présence '!C58 -> MAYOUCHE Maël | N34: ='MERCREDI 15h45 Présence '!D58 -> U16
B35: 13 | C35: ='MERCREDI 15h45 Présence '!C19 -> MAHAMOUD IBRAHIM Zaïn | D35: ='MERCREDI 15h45 Présence '!D19 -> U10 | G35: 13 | H35: ='MERCREDI 15h45 Présence '!C39 -> MOREIRA Lucas | I35: ='MERCREDI 15h45 Présence '!D39 -> U12 | L35: 13 | M35: ='MERCREDI 15h45 Présence '!C59 -> ROCHE Maël | N35: ='MERCREDI 15h45 Présence '!D59 -> U14
B36: 14 | C36: ='MERCREDI 15h45 Présence '!C20 -> NICOLLE Noah | D36: ='MERCREDI 15h45 Présence '!D20 -> U10 | G36: 14 | H36: ='MERCREDI 15h45 Présence '!C40 -> GUERRERO Nino | I36: ='MERCREDI 15h45 Présence '!D40 -> U12 | L36: 14
B37: 15 | C37: ='MERCREDI 15h45 Présence '!C21 -> AMER Ayman | D37: ='MERCREDI 15h45 Présence '!D21 -> U10 | G37: 15 | H37: ='MERCREDI 15h45 Présence '!C41 -> GONCALVES Gabin | I37: ='MERCREDI 15h45 Présence '!D41 -> U12 | L37: 15
B38: 16 | C38: ='MERCREDI 15h45 Présence '!C22 -> AZIZA Sam | D38: ='MERCREDI 15h45 Présence '!D22 -> U11 | G38: 16 | H38: ='MERCREDI 15h45 Présence '!C42 -> GARBAA Ilyas | I38: ='MERCREDI 15h45 Présence '!D42 -> U12 | L38: 16
B39: TOTAL G1 - FLO | G39: TOTAL G2 - LOÏC | L39: TOTAL G3 - NICO
B41: BABY 14h30 | G41: BABY 17h30
B42: 1 | C42: ='BABY Présence'!C7 -> AMARA Aylan | D42: ='BABY Présence'!D7 -> U5 | G42: 1 | H42: ='BABY Présence'!C20 -> PILLAS Matéo | I42: ='BABY Présence'!D20 -> U5
B43: 2 | C43: ='BABY Présence'!C8 -> MANGA Farell | D43: ='BABY Présence'!D8 -> U5 | G43: 2 | H43: ='BABY Présence'!C21 -> BARGACH Adam | I43: ='BABY Présence'!D21 -> U5
B44: 3 | C44: ='BABY Présence'!C9 -> DIABY Ibrahima | D44: ='BABY Présence'!D9 -> U5 | G44: 3 | H44: ='BABY Présence'!C22 -> ALMEIDA SOAVE Elikiah | I44: ='BABY Présence'!D22 -> U5
B45: 4 | C45: ='BABY Présence'!C10 -> SONGABIMA NDOMBASI Braxton | D45: ='BABY Présence'!D10 -> U5 | G45: 4 | H45: ='BABY Présence'!C23 -> MARTIN TROYES Nathan | I45: ='BABY Présence'!D23 -> U5
B46: 5 | C46: ='BABY Présence'!C11 -> RAHMAOUI Ilyan | D46: ='BABY Présence'!D11 -> U5 | G46: 5 | H46: ='BABY Présence'!C24 -> SIMON Taïryk | I46: ='BABY Présence'!D24 -> U5
B47: 6 | C47: ='BABY Présence'!C12 -> BENNABI Issam | D47: ='BABY Présence'!D12 -> U5 | G47: 6 | H47: ='BABY Présence'!C25 -> JAMALEDDINE Nail | I47: ='BABY Présence'!D25 -> U5
B48: 7 | C48: ='BABY Présence'!C13 -> ALTINSOY Kenan | D48: ='BABY Présence'!D13 -> U5 | G48: 7 | H48: ='BABY Présence'!C26 -> NGUEMA MEDANG Alpha | I48: ='BABY Présence'!D26 -> U5
B49: 8 | C49: ='BABY Présence'!C14 -> CALOIN Enzo | D49: ='BABY Présence'!D14 -> U5 | G49: 8 | H49: ='BABY Présence'!C27 -> BENZITOUNI Noham | I49: ='BABY Présence'!D27 -> U5
B50: 9 | G50: 9
B51: 10 | G51: 10
B52: TOTAL G1 - LOÏC | G52: TOTAL G2 - LOÏC

Sheet Listing VENDREDI
B1: VENDREDI
A3: 1er groupe | B3: EDF 17h30 | G3: EDF 17h30 | L3: EDF 17h30
B4: 1 | C4: ='VENDREDI 17h30 Présence'!C7 -> TRIN Léo | D4: ='VENDREDI 17h30 Présence'!D7 -> U6 | F4: 2è groupe | G4: 1 | H4: ='VENDREDI 17h30 Présence'!C27 -> ZORGATI Ryan | I4: ='VENDREDI 17h30 Présence'!D27 -> U8 | K4: 3è groupe | L4: 1 | M4: ='VENDREDI 17h30 Présence'!C46 -> HAMICHE Maëlan | N4: ='VENDREDI 17h30 Présence'!D46 -> U11
B5: 2 | C5: ='VENDREDI 17h30 Présence'!C8 -> PEGUET Edgar | D5: ='VENDREDI 17h30 Présence'!D8 -> U6 | G5: 2 | H5: ='VENDREDI 17h30 Présence'!C28 -> BRADAI Adam | I5: ='VENDREDI 17h30 Présence'!D28 -> U8 | L5: 2 | M5: ='VENDREDI 17h30 Présence'!C47 -> MANAL Gabriel | N5: ='VENDREDI 17h30 Présence'!D47 -> U11
B6: 3 | C6: ='VENDREDI 17h30 Présence'!C9 -> AL HASSAN Yousef | D6: ='VENDREDI 17h30 Présence'!D9 -> U6 | G6: 3 | H6: ='VENDREDI 17h30 Présence'!C29 -> ALADWAN Shahim | I6: ='VENDREDI 17h30 Présence'!D29 -> U9 | L6: 3 | M6: ='VENDREDI 17h30 Présence'!C48 -> COURTEILLE Nahil | N6: ='VENDREDI 17h30 Présence'!D48 -> U11
B7: 4 | C7: ='VENDREDI 17h30 Présence'!C10 -> SIMON Gabriel | D7: ='VENDREDI 17h30 Présence'!D10 -> U6 | G7: 4 | H7: ='VENDREDI 17h30 Présence'!C30 -> KATAOKA Ren | I7: ='VENDREDI 17h30 Présence'!D30 -> U9 | L7: 4 | M7: ='VENDREDI 17h30 Présence'!C49 -> COURTEILLE Ryan | N7: ='VENDREDI 17h30 Présence'!D49 -> U11
B8: 5 | C8: ='VENDREDI 17h30 Présence'!C11 -> SAFA Jad | D8: ='VENDREDI 17h30 Présence'!D11 -> U6 | G8: 5 | H8: ='VENDREDI 17h30 Présence'!C31 -> BEN ABDELJELIL Skander | I8: ='VENDREDI 17h30 Présence'!D31 -> U9 | L8: 5 | M8: ='VENDREDI 17h30 Présence'!C50 -> ZORGATI Adam | N8: ='VENDREDI 17h30 Présence'!D50 -> U11
B9: 6 | C9: ='VENDREDI 17h30 Présence'!C12 -> GRIMAL Johan | D9: ='VENDREDI 17h30 Présence'!D12 -> U7 | G9: 6 | H9: ='VENDREDI 17h30 Présence'!C32 -> SEMPE Soan | I9: ='VENDREDI 17h30 Présence'!D32 -> U9 | L9: 6 | M9: ='VENDREDI 17h30 Présence'!C51 -> MESTRALLET Téo | N9: ='VENDREDI 17h30 Présence'!D51 -> U12
B10: 7 | C10: ='VENDREDI 17h30 Présence'!C13 -> TEIXEIRA RICHARD Paul | D10: ='VENDREDI 17h30 Présence'!D13 -> U7 | G10: 7 | H10: ='VENDREDI 17h30 Présence'!C33 -> KHASAEEBAH Adim | I10: ='VENDREDI 17h30 Présence'!D33 -> U10 | L10: 7 | M10: ='VENDREDI 17h30 Présence'!C52 -> BERNADETTE Loïc | N10: ='VENDREDI 17h30 Présence'!D52 -> U12
B11: 8 | C11: ='VENDREDI 17h30 Présence'!C14 -> BEN ABDELJELIL Zakarya | D11: ='VENDREDI 17h30 Présence'!D14 -> U7 | G11: 8 | H11: ='VENDREDI 17h30 Présence'!C34 -> PEGUET Achille | I11: ='VENDREDI 17h30 Présence'!D34 -> U10 | L11: 8 | M11: ='VENDREDI 17h30 Présence'!C53 -> STIER Arthur | N11: ='VENDREDI 17h30 Présence'!D53 -> U12
B12: 9 | C12: ='VENDREDI 17h30 Présence'!C15 -> SUN Jimmy | D12: ='VENDREDI 17h30 Présence'!D15 -> U7 | G12: 9 | H12: ='VENDREDI 17h30 Présence'!C35 -> GRIMAL Adria | I12: ='VENDREDI 17h30 Présence'!D35 -> U10 | L12: 9 | M12: ='VENDREDI 17h30 Présence'!C54 -> PEREZ DÜRR Lukas | N12: ='VENDREDI 17h30 Présence'!D54 -> U12
B13: 10 | C13: ='VENDREDI 17h30 Présence'!C16 -> ELKHALFIOUI Wakil | D13: ='VENDREDI 17h30 Présence'!D16 -> U7 | G13: 10 | H13: ='VENDREDI 17h30 Présence'!C36 -> AMADIEU BALAVOINE Basile | I13: ='VENDREDI 17h30 Présence'!D36 -> U10 | L13: 10 | M13: ='VENDREDI 17h30 Présence'!C55 -> SELLAOUTI Ahmed | N13: ='VENDREDI 17h30 Présence'!D55 -> U12
B14: 11 | C14: ='VENDREDI 17h30 Présence'!C17 -> MURILLO-NNABUIHE Caymmi | D14: ='VENDREDI 17h30 Présence'!D17 -> U8 | G14: 11 | H14: ='VENDREDI 17h30 Présence'!C37 -> REGIS Noé | I14: ='VENDREDI 17h30 Présence'!D37 -> U10 | L14: 11 | M14: ='VENDREDI 17h30 Présence'!C56 -> BOU ISSAC Marc | N14: ='VENDREDI 17h30 Présence'!D56 -> U12
B15: 12 | C15: ='VENDREDI 17h30 Présence'!C18 -> HARZALLAH Zakaria | D15: ='VENDREDI 17h30 Présence'!D18 -> U8 | G15: 12 | H15: ='VENDREDI 17h30 Présence'!C38 -> NICOLLE Noah | I15: ='VENDREDI 17h30 Présence'!D38 -> U10 | L15: 12 | M15: ='VENDREDI 17h30 Présence'!C57 -> VAZQUEZ Aaron | N15: ='VENDREDI 17h30 Présence'!D57 -> U12
B16: 13 | C16: ='VENDREDI 17h30 Présence'!C19 -> LEMOINE Anatole | D16: ='VENDREDI 17h30 Présence'!D19 -> U8 | G16: 13 | H16: ='VENDREDI 17h30 Présence'!C39 -> AL HASSAN Karam | I16: ='VENDREDI 17h30 Présence'!D39 -> U11 | L16: 13 | M16: ='VENDREDI 17h30 Présence'!C58 -> SEMPE Ilyan | N16: ='VENDREDI 17h30 Présence'!D58 -> U12
... B18: 15 | C18: ='VENDREDI 17h30 Présence'!C21 -> GASPARINI CASTRO Matteo | D18: ='VENDREDI 17h30 Présence'!D21 -> U7 | G18: 15 | H18: ='VENDREDI 17h30 Présence'!C41 -> ARIF Adam | I18: ='VENDREDI 17h30 Présence'!D41 -> U10 | L18: 15 | M18: ='VENDREDI 17h30 Présence'!C60 -> LINCHEVSKYY Taras | N18: ='VENDREDI 17h30 Présence'!D60 -> U13
B19: 16 | C19: ='VENDREDI 17h30 Présence'!C22 -> LARBAOUI El Mehdi | D19: ='VENDREDI 17h30 Présence'!D22 -> U6 | G19: 16 | L19: 16 | M19: ='VENDREDI 17h30 Présence'!C61 -> SAFA Mohamad | N19: ='VENDREDI 17h30 Présence'!D61 -> U10
B20: TOTAL G1 - FLO | G20: TOTAL G2 - LOÏC | L20: 17 | M20: ='VENDREDI 17h30 Présence'!C62 -> RAOUX Maélan | N20: ='VENDREDI 17h30 Présence'!D62 -> U10
L21: TOTAL G3 - NICO

Sheet Listing SAMEDI
B1: SAMEDI
A3: 1er groupe | B3: EDF 09h30 | G3: EDF 09h30 | L3: EDF 09h30
B4: 1 | C4: ='SAMEDI 9h30 Présence'!C7 -> ABOU LEYLA Ilyes | D4: ='SAMEDI 9h30 Présence'!D7 -> U6 | F4: 2è groupe | G4: 1 | H4: ='SAMEDI 9h30 Présence'!C27 -> SEFDAR Adam | I4: ='SAMEDI 9h30 Présence'!D27 -> U7 | K4: 3è groupe | L4: 1 | M4: ='SAMEDI 9h30 Présence'!C47 -> GARCIA Sara | N4: ='SAMEDI 9h30 Présence'!D47 -> U8
B5: 2 | C5: ='SAMEDI 9h30 Présence'!C8 -> CALSAT Raphaël | D5: ='SAMEDI 9h30 Présence'!D8 -> U6 | G5: 2 | H5: ='SAMEDI 9h30 Présence'!C28 -> LEBORGNE Ayden | I5: ='SAMEDI 9h30 Présence'!D28 -> U7 | L5: 2 | M5: ='SAMEDI 9h30 Présence'!C48 -> D'HONT LECOMTE Yannik | N5: ='SAMEDI 9h30 Présence'!D48 -> U8
B6: 3 | C6: ='SAMEDI 9h30 Présence'!C9 -> FONTAINE Erez | D6: ='SAMEDI 9h30 Présence'!D9 -> U6 | G6: 3 | H6: ='SAMEDI 9h30 Présence'!C29 -> DIVIEN Nathanaël | I6: ='SAMEDI 9h30 Présence'!D29 -> U7 | L6: 3 | M6: ='SAMEDI 9h30 Présence'!C49 -> ROUSEVELT Louis | N6: ='SAMEDI 9h30 Présence'!D49 -> U8
B7: 4 | C7: ='SAMEDI 9h30 Présence'!C10 -> ANDRE Salomon | D7: ='SAMEDI 9h30 Présence'!D10 -> U6 | G7: 4 | H7: ='SAMEDI 9h30 Présence'!C30 -> CLAVEYROLAS Leeroy | I7: ='SAMEDI 9h30 Présence'!D30 -> U7 | L7: 4 | M7: ='SAMEDI 9h30 Présence'!C50 -> LANDES David | N7: ='SAMEDI 9h30 Présence'!D50 -> U9
B8: 5 | C8: ='SAMEDI 9h30 Présence'!C11 -> DHAKAR Zayd | D8: ='SAMEDI 9h30 Présence'!D11 -> U6 | G8: 5 | H8: ='SAMEDI 9h30 Présence'!C31 -> BOJOVIC Filip | I8: ='SAMEDI 9h30 Présence'!D31 -> U7 | L8: 5 | M8: ='SAMEDI 9h30 Présence'!C51 -> LANDES Nathan | N8: ='SAMEDI 9h30 Présence'!D51 -> U9
B9: 6 | C9: ='SAMEDI 9h30 Présence'!C12 -> GUENNECPINTOR Isaac | D9: ='SAMEDI 9h30 Présence'!D12 -> U6 | G9: 6 | H9: ='SAMEDI 9h30 Présence'!C32 -> TALLAPRAGADE Riaan | I9: ='SAMEDI 9h30 Présence'!D32 -> U7 | L9: 6 | M9: ='SAMEDI 9h30 Présence'!C52 -> GILAVERT Arthur | N9: ='SAMEDI 9h30 Présence'!D52 -> U9
B10: 7 | C10: ='SAMEDI 9h30 Présence'!C13 -> MHIRA Yassir | D10: ='SAMEDI 9h30 Présence'!D13 -> U6 | G10: 7 | H10: ='SAMEDI 9h30 Présence'!C33 -> PEREIRA LELIEVRE Nino | I10: ='SAMEDI 9h30 Présence'!D33 -> U7 | L10: 7 | M10: ='SAMEDI 9h30 Présence'!C53 -> UMAIR Yousaf | N10: ='SAMEDI 9h30 Présence'!D53 -> U9
B11: 8 | C11: ='SAMEDI 9h30 Présence'!C14 -> MARTIN Lonni | D11: ='SAMEDI 9h30 Présence'!D14 -> U6 | G11: 8 | H11: ='SAMEDI 9h30 Présence'!C34 -> ALIAHMAD Karl | I11: ='SAMEDI 9h30 Présence'!D34 -> U8 | L11: 8 | M11: ='SAMEDI 9h30 Présence'!C54 -> LAGSSAIR Zakaria | N11: ='SAMEDI 9h30 Présence'!D54 -> U9
B12: 9 | C12: ='SAMEDI 9h30 Présence'!C15 -> BEN MAHMOUD Aylan | D12: ='SAMEDI 9h30 Présence'!D15 -> U6 | G12: 9 | H12: ='SAMEDI 9h30 Présence'!C35 -> CASENAVE Gabriel | I12: ='SAMEDI 9h30 Présence'!D35 -> U8 | L12: 9 | M12: ='SAMEDI 9h30 Présence'!C55 -> FERNANDES DOS REIS Luan | N12: ='SAMEDI 9h30 Présence'!D55 -> U9
B13: 10 | C13: ='SAMEDI 9h30 Présence'!C16 -> FONTAINE Aaron | D13: ='SAMEDI 9h30 Présence'!D16 -> U7 | G13: 10 | H13: ='SAMEDI 9h30 Présence'!C36 -> PARASCANDOLO Leonardo | I13: ='SAMEDI 9h30 Présence'!D36 -> U8 | L13: 10 | M13: ='SAMEDI 9h30 Présence'!C56 -> DABBAJI Ayoub | N13: ='SAMEDI 9h30 Présence'!D56 -> U9
B14: 11 | C14: ='SAMEDI 9h30 Présence'!C17 -> FONTAINE Erwan | D14: ='SAMEDI 9h30 Présence'!D17 -> U7 | G14: 11 | H14: ='SAMEDI 9h30 Présence'!C37 -> OUTASGA Adam | I14: ='SAMEDI 9h30 Présence'!D37 -> U8 | L14: 11 | M14: ='SAMEDI 9h30 Présence'!C57 -> PUJOL Timéo | N14: ='SAMEDI 9h30 Présence'!D57 -> U9
B15: 12 | C15: ='SAMEDI 9h30 Présence'!C18 -> VIALETTE Eden | D15: ='SAMEDI 9h30 Présence'!D18 -> U7 | G15: 12 | H15: ='SAMEDI 9h30 Présence'!C38 -> LEMAITRE FOLIOT Corentin | I15: ='SAMEDI 9h30 Présence'!D38 -> U8 | L15: 12 | M15: ='SAMEDI 9h30 Présence'!C58 -> MIVEKANNIN Hugo | N15: ='SAMEDI 9h30 Présence'!D58 -> U9
B16: 13 | C16: ='SAMEDI 9h30 Présence'!C19 -> ANTIC MOREAU Jules | D16: ='SAMEDI 9h30 Présence'!D19 -> U7 | G16: 13 | H16: ='SAMEDI 9h30 Présence'!C39 -> SYLLA Rachid | I16: ='SAMEDI 9h30 Présence'!D39 -> U8 | L16: 13
B17: 14 | C17: ='SAMEDI 9h30 Présence'!C20 -> AHITOUR Younes | D17: ='SAMEDI 9h30 Présence'!D20 -> U7 | G17: 14 | H17: ='SAMEDI 9h30 Présence'!C40 -> YERANOSYAN Léo | I17: ='SAMEDI 9h30 Présence'!D40 -> U8 | L17: 14
B18: 15 | C18: ='SAMEDI 9h30 Présence'!C21 -> EL MOADDAM Amjad | D18: ='SAMEDI 9h30 Présence'!D21 -> U7 | G18: 15 | H18: ='SAMEDI 9h30 Présence'!C41 -> HAY Louka | I18: ='SAMEDI 9h30 Présence'!D41 -> U8 | L18: 15
B19: 16 | C19: ='SAMEDI 9h30 Présence'!C22 -> HAMMAMI Hedi | D19: ='SAMEDI 9h30 Présence'!D22 -> U6 | G19: 16 | H19: ='SAMEDI 9h30 Présence'!C42 -> DUBOIS LAMBERTINI Gaspard | I19: ='SAMEDI 9h30 Présence'!D42 -> U7 | L19: 16
B20: TOTAL G1 - THEO | G20: TOTAL G2 - KEVIN | L20: TOTAL G3 - YOHAN
B22: EDF 11h15 | G22: EDF 11h15 | L22: EDF 11h15
A23: 1er groupe | B23: 1 | C23: ='SAMEDI 11h15 Présence'!C7 -> DOYHARCABAL Andoni | D23: ='SAMEDI 11h15 Présence'!D7 -> U10 | F23: 2è groupe | G23: 1 | H23: ='SAMEDI 11h15 Présence'!C27 -> DEVOS Adam | I23: ='SAMEDI 11h15 Présence'!D27 -> U11 | K23: 3è groupe | L23: 1 | M23: ='SAMEDI 11h15 Présence'!C47 -> DORNEVAL Sami, Keyann | N23: ='SAMEDI 11h15 Présence'!D47 -> U13
B24: 2 | C24: ='SAMEDI 11h15 Présence'!C8 -> ABOU LEYLA Youssef | D24: ='SAMEDI 11h15 Présence'!D8 -> U10 | G24: 2 | H24: ='SAMEDI 11h15 Présence'!C28 -> RAMANANTSOA Nolan | I24: ='SAMEDI 11h15 Présence'!D28 -> U11 | L24: 2 | M24: ='SAMEDI 11h15 Présence'!C48 -> ROBERT Rayan | N24: ='SAMEDI 11h15 Présence'!D48 -> U14
B25: 3 | C25: ='SAMEDI 11h15 Présence'!C9 -> HAMZA Yanis | D25: ='SAMEDI 11h15 Présence'!D9 -> U10 | G25: 3 | H25: ='SAMEDI 11h15 Présence'!C29 -> BLANCO Rayane | I25: ='SAMEDI 11h15 Présence'!D29 -> U11 | L25: 3 | M25: ='SAMEDI 11h15 Présence'!C49 -> VAINQUEUR PERITA Jayden | N25: ='SAMEDI 11h15 Présence'!D49 -> U14
B26: 4 | C26: ='SAMEDI 11h15 Présence'!C10 -> MEDALE Joaquim | D26: ='SAMEDI 11h15 Présence'!D10 -> U10 | G26: 4 | H26: ='SAMEDI 11h15 Présence'!C30 -> CASTEL Emile | I26: ='SAMEDI 11h15 Présence'!D30 -> U11 | L26: 4 | M26: ='SAMEDI 11h15 Présence'!C50 -> CEDON Gabriel | N26: ='SAMEDI 11h15 Présence'!D50 -> U14
B27: 5 | C27: ='SAMEDI 11h15 Présence'!C11 -> AFCHARD MONTAIGNE Victor | D27: ='SAMEDI 11h15 Présence'!D11 -> U10 | G27: 5 | H27: ='SAMEDI 11h15 Présence'!C31 -> LEPREUX Louis | I27: ='SAMEDI 11h15 Présence'!D31 -> U12 | L27: 5 | M27: ='SAMEDI 11h15 Présence'!C51 -> BIABIANY Soan | N27: ='SAMEDI 11h15 Présence'!D51 -> U14
B28: 6 | C28: ='SAMEDI 11h15 Présence'!C12 -> DZIEDZIC Théo | D28: ='SAMEDI 11h15 Présence'!D12 -> U10 | G28: 6 | H28: ='SAMEDI 11h15 Présence'!C32 -> FAGOO DOREMUS Nolan | I28: ='SAMEDI 11h15 Présence'!D32 -> U12 | L28: 6 | M28: ='SAMEDI 11h15 Présence'!C52 -> XILLO Luca | N28: ='SAMEDI 11h15 Présence'!D52 -> U14
B29: 7 | C29: ='SAMEDI 11h15 Présence'!C13 -> CAMY Simon | D29: ='SAMEDI 11h15 Présence'!D13 -> U10 | G29: 7 | H29: ='SAMEDI 11h15 Présence'!C33 -> ALBERT Kenan | I29: ='SAMEDI 11h15 Présence'!D33 -> U12 | L29: 7 | M29: ='SAMEDI 11h15 Présence'!C53 -> MAMRO Gustavo | N29: ='SAMEDI 11h15 Présence'!D53 -> U14
B30: 8 | C30: ='SAMEDI 11h15 Présence'!C14 -> RENJITH Ritwik | D30: ='SAMEDI 11h15 Présence'!D14 -> U10 | G30: 8 | H30: ='SAMEDI 11h15 Présence'!C34 -> ABOU LEYA Adam | I30: ='SAMEDI 11h15 Présence'!D34 -> U12 | L30: 8 | M30: ='SAMEDI 11h15 Présence'!C54 -> SABATTIER Théo | N30: ='SAMEDI 11h15 Présence'!D54 -> U15
B31: 9 | C31: ='SAMEDI 11h15 Présence'!C15 -> CALSAT Abel | D31: ='SAMEDI 11h15 Présence'!D15 -> U10 | G31: 9 | H31: ='SAMEDI 11h15 Présence'!C35 -> GRANFILS Stanislas | I31: ='SAMEDI 11h15 Présence'!D35 -> U12 | L31: 9 | M31: ='SAMEDI 11h15 Présence'!C55 -> NOTTOLI Oscar | N31: ='SAMEDI 11h15 Présence'!D55 -> U15
B32: 10 | C32: ='SAMEDI 11h15 Présence'!C16 -> AHMED Khalil | D32: ='SAMEDI 11h15 Présence'!D16 -> U10 | G32: 10 | H32: ='SAMEDI 11h15 Présence'!C36 -> MAGOSSOU Melphy Antoine | I32: ='SAMEDI 11h15 Présence'!D36 -> U12 | L32: 10 | M32: ='SAMEDI 11h15 Présence'!C56 -> CATIER Antoine | N32: ='SAMEDI 11h15 Présence'!D56 -> U15
B33: 11 | C33: ='SAMEDI 11h15 Présence'!C17 -> MECALIFF BERTRAND Martin | D33: ='SAMEDI 11h15 Présence'!D17 -> U10 | G33: 11 | H33: ='SAMEDI 11h15 Présence'!C37 -> BERTHELOT Adel | I33: ='SAMEDI 11h15 Présence'!D37 -> U12 | L33: 11 | M33: ='SAMEDI 11h15 Présence'!C57 -> LATHIERE Raphaël | N33: ='SAMEDI 11h15 Présence'!D57 -> U15
B34: 12 | G34: 12 | H34: ='SAMEDI 11h15 Présence'!C38 -> BREHAULT Camille | I34: ='SAMEDI 11h15 Présence'!D38 -> U12 | L34: 12 | M34: ='SAMEDI 11h15 Présence'!C58 -> BEDES Hugo | N34: ='SAMEDI 11h15 Présence'!D58 -> U15
B35: 13 | G35: 13 | H35: ='SAMEDI 11h15 Présence'!C39 -> DELCROIX Raphaël | I35: ='SAMEDI 11h15 Présence'!D39 -> U13 | L35: 13 | M35: ='SAMEDI 11h15 Présence'!C59 -> PASTOR Paul Auguste | N35: ='SAMEDI 11h15 Présence'!D59 -> U15
B36: 14 | G36: 14 | H36: ='SAMEDI 11h15 Présence'!C40 -> VACHON LAFFORGUE Matthieu | I36: ='SAMEDI 11h15 Présence'!D40 -> U13 | L36: 14 | M36: ='SAMEDI 11h15 Présence'!C60 -> ROSSEL Elvis | N36: ='SAMEDI 11h15 Présence'!D60 -> U15
B37: 15 | G37: 15 | L37: 15 | M37: ='SAMEDI 11h15 Présence'!C61 -> MCCOMB LEGER Marley | N37: ='SAMEDI 11h15 Présence'!D61 -> U14
B38: 16 | G38: 16 | L38: 16
B39: TOTAL G1 - KEVIN | G39: TOTAL G2 - THEO | L39: TOTAL G3 - YOHAN
B41: EDF 14h00 | G41: EDF 14h00 | L41: EDF 15h45
A42: 1er groupe | B42: 1 | C42: ='SAMEDI 14h00 Présence'!C7 -> NOUNEMA Nassim haroun | D42: ='SAMEDI 14h00 Présence'!D7 -> U6 | F42: 2è groupe | G42: 1 | H42: ='SAMEDI 14h00 Présence'!C27 -> BARRY Oumar Sinden | I42: ='SAMEDI 14h00 Présence'!D27 -> U8 | L42: 1 | M42: ='SAMEDI 15h45 Présence'!C7 -> FOUTY Samuel | N42: ='SAMEDI 15h45 Présence'!D7 -> U10
B43: 2 | C43: ='SAMEDI 14h00 Présence'!C8 -> ZIANI Wael | D43: ='SAMEDI 14h00 Présence'!D8 -> U6 | G43: 2 | H43: ='SAMEDI 14h00 Présence'!C28 -> KABOU Léon-Louis | I43: ='SAMEDI 14h00 Présence'!D28 -> U8 | L43: 2 | M43: ='SAMEDI 15h45 Présence'!C8 -> RAOUX Mélan | N43: ='SAMEDI 15h45 Présence'!D8 -> U10
B44: 3 | C44: ='SAMEDI 14h00 Présence'!C9 -> ALKALMA OUAHI Karam | D44: ='SAMEDI 14h00 Présence'!D9 -> U7 | G44: 3 | H44: ='SAMEDI 14h00 Présence'!C29 -> DEVJE Nesta | I44: ='SAMEDI 14h00 Présence'!D29 -> U8 | L44: 3 | M44: ='SAMEDI 15h45 Présence'!C9 -> RODRIGUEZ Clément | N44: ='SAMEDI 15h45 Présence'!D9 -> U11
B45: 4 | C45: ='SAMEDI 14h00 Présence'!C10 -> SOULA DROUET Léo (changement ?) | D45: ='SAMEDI 14h00 Présence'!D10 -> U7 | G45: 4 | H45: ='SAMEDI 14h00 Présence'!C30 -> BEN NACEUR Nael | I45: ='SAMEDI 14h00 Présence'!D30 -> U8 | L45: 4 | M45: ='SAMEDI 15h45 Présence'!C10 -> RODRIGUEZ Juan | N45: ='SAMEDI 15h45 Présence'!D10 -> U11
B46: 5 | C46: ='SAMEDI 14h00 Présence'!C11 -> ROQUES Gaspard | D46: ='SAMEDI 14h00 Présence'!D11 -> U7 | G46: 5 | H46: ='SAMEDI 14h00 Présence'!C31 -> KAID Omar | I46: ='SAMEDI 14h00 Présence'!D31 -> U8 | L46: 5 | M46: ='SAMEDI 15h45 Présence'!C11 -> BOUTEFFAH Benaouda | N46: ='SAMEDI 15h45 Présence'!D11 -> U11
B47: 6 | C47: ='SAMEDI 14h00 Présence'!C12 -> SYED Adem | D47: ='SAMEDI 14h00 Présence'!D12 -> U7 | G47: 6 | H47: ='SAMEDI 14h00 Présence'!C32 -> NDECKY Namaar | I47: ='SAMEDI 14h00 Présence'!D32 -> U8 | L47: 6 | M47: ='SAMEDI 15h45 Présence'!C12 -> AYENOUE Ezéchiel | N47: ='SAMEDI 15h45 Présence'!D12 -> U12
B48: 7 | C48: ='SAMEDI 14h00 Présence'!C13 -> ABID Zayn | D48: ='SAMEDI 14h00 Présence'!D13 -> U7 | G48: 7 | H48: ='SAMEDI 14h00 Présence'!C33 -> AGUERSSIF Celyan | I48: ='SAMEDI 14h00 Présence'!D33 -> U9 | L48: 7 | M48: ='SAMEDI 15h45 Présence'!C13 -> LAGIER Joshua | N48: ='SAMEDI 15h45 Présence'!D13 -> U13
B49: 8 | C49: ='SAMEDI 14h00 Présence'!C14 -> BOUTEFFAH Abdelkader | D49: ='SAMEDI 14h00 Présence'!D14 -> U7 | G49: 8 | H49: ='SAMEDI 14h00 Présence'!C34 -> ROSSI LE CAMUS Camille | I49: ='SAMEDI 14h00 Présence'!D34 -> U9 | L49: 8 | M49: ='SAMEDI 15h45 Présence'!C14 -> EDALLAL Rayan | N49: ='SAMEDI 15h45 Présence'!D14 -> U13
B50: 9 | C50: ='SAMEDI 14h00 Présence'!C15 -> GONZALEZ Guilhem Pau | D50: ='SAMEDI 14h00 Présence'!D15 -> U7 | G50: 9 | H50: ='SAMEDI 14h00 Présence'!C35 -> GONZALEZ Emilio (changement ?) | I50: ='SAMEDI 14h00 Présence'!D35 -> U9 | L50: 9 | M50: ='SAMEDI 15h45 Présence'!C15 -> AYENOUE Denis-Alexandre | N50: ='SAMEDI 15h45 Présence'!D15 -> U14
B51: 10 | C51: ='SAMEDI 14h00 Présence'!C16 -> HAMADI Teym | D51: ='SAMEDI 14h00 Présence'!D16 -> U6 | G51: 10 | H51: ='SAMEDI 14h00 Présence'!C36 -> MULLER Noham | I51: ='SAMEDI 14h00 Présence'!D36 -> U9 | L51: 10 | M51: ='SAMEDI 15h45 Présence'!C16 -> LEFEBVRE Alban | N51: ='SAMEDI 15h45 Présence'!D16 -> U15
B52: 11 | C52: ='SAMEDI 14h00 Présence'!C17 -> CHEMOUN Livio | D52: ='SAMEDI 14h00 Présence'!D17 -> U6 | G52: 11 | H52: ='SAMEDI 14h00 Présence'!C37 -> DJOUAD Adam | I52: ='SAMEDI 14h00 Présence'!D37 -> U8 | L52: 11 | M52: ='SAMEDI 15h45 Présence'!C17 -> BENDEBICHE Zayd | N52: ='SAMEDI 15h45 Présence'!D17 -> U15
B53: 12 | C53: ='SAMEDI 14h00 Présence'!C18 -> BENZITOUNI Kamil | D53: ='SAMEDI 14h00 Présence'!D18 -> U7 | G53: 12 | H53: ='SAMEDI 14h00 Présence'!C38 -> SABIR Ilyâs | I53: ='SAMEDI 14h00 Présence'!D38 -> U9 | L53: 12 | M53: ='SAMEDI 15h45 Présence'!C18 -> TAHI Ilyas | N53: ='SAMEDI 15h45 Présence'!D18 -> U12
B54: 13 | G54: 13 | L54: 13
B55: 14 | G55: 14 | L55: 14
B56: 15 | G56: 15 | L56: 15
B57: 16 | G57: 16 | L57: 16
B58: TOTAL G1 - KEVIN | G58: TOTAL G2 - YOHAN | L58: TOTAL G1 - KEVIN
C59: 1 SD - Edouard DIAZ U6
B60: BABY 10h00 | G60: BABY 11h15
B61: 1 | C61: ='BABY Présence'!C35 -> MARTIN Noah | D61: ='BABY Présence'!D35 -> U5 | G61: 1 | H61: ='BABY Présence'!C48 -> KLAI Taha | I61: ='BABY Présence'!D48 -> U5
B62: 2 | C62: ='BABY Présence'!C36 -> MICHOT DA CONCEICAO Keyian | D62: ='BABY Présence'!D36 -> U5 | G62: 2 | H62: ='BABY Présence'!C49 -> NETO Meho | I62: ='BABY Présence'!D49 -> U5
B63: 3 | C63: ='BABY Présence'!C37 -> FRAIKIN Gaspard | D63: ='BABY Présence'!D37 -> U5 | G63: 3 | H63: ='BABY Présence'!C50 -> SOUISSI Hedi | I63: ='BABY Présence'!D50 -> U5
B64: 4 | C64: ='BABY Présence'!C38 -> SIMON Taïryk | D64: ='BABY Présence'!D38 -> U5 | G64: 4 | H64: ='BABY Présence'!C51 -> HAOUEL Adam | I64: ='BABY Présence'!D51 -> U5
B65: 5 | C65: ='BABY Présence'!C39 -> AHITOUR Youssef | D65: ='BABY Présence'!D39 -> U5 | G65: 5 | H65: ='BABY Présence'!C52 -> BENDOUBA Haron | I65: ='BABY Présence'!D52 -> U5
B66: 6 | C66: ='BABY Présence'!C40 -> VANGOUT Isaiah | D66: ='BABY Présence'!D40 -> U5 | G66: 6 | H66: ='BABY Présence'!C53 -> BEJAOUI Helia | I66: ='BABY Présence'!D53 -> U5
B67: 7 | C67: ='BABY Présence'!C41 -> FRANCOIS Noah | D67: ='BABY Présence'!D41 -> U5 | G67: 7 | H67: ='BABY Présence'!C54 -> MHENNI Emyr | I67: ='BABY Présence'!D54 -> U5
B68: 8 | C68: ='BABY Présence'!C42 -> KINANKAZI Kimya | D68: ='BABY Présence'!D42 -> U5 | G68: 8 | H68: ='BABY Présence'!C55 -> SAHL Milo | I68: ='BABY Présence'!D55 -> U5
B69: 9 | G69: 9 | H69: ='BABY Présence'!C56 -> MOHAMED Naïm | I69: ='BABY Présence'!D56 -> U5
B70: 10 | G70: 10 | H70: ='BABY Présence'!C57 -> SLIMAN Saïan | I70: ='BABY Présence'!D57 -> U5
B71: TOTAL G1 - LOÏC | G71: TOTAL G2 - LOÏC

Sheet Catégorie-Naissance
A1: 2021 | B1: U5
A2: 2020 | B2: U6
A3: 2019 | B3: U7
A4: 2018 | B4: U8
A5: 2017 | B5: U9
A6: 2016 | B6: U10
A7: 2015 | B7: U11
A8: 2014 | B8: U12
A9: 2013 | B9: U13
A10: 2012 | B10: U14
A11: 2011 | B11: U15
A12: 2010 | B12: U16
